 #âƒ£ ; :hash: 
 #ï¸âƒ£ ; :pound_symbol: 
 *âƒ£ ; :asterisk: 
 *ï¸âƒ£ ; :asterisk_symbol: 
 0ï¸âƒ£ ; :digit_zero: 
 0ï¸âƒ£ ; :zero: 
 1ï¸âƒ£ ; :digit_one: 
 1ï¸âƒ£ ; :one: 
 2ï¸âƒ£ ; :digit_two: 
 2ï¸âƒ£ ; :two: 
 3ï¸âƒ£ ; :digit_three: 
 3ï¸âƒ£ ; :three: 
 4ï¸âƒ£ ; :digit_four: 
 4ï¸âƒ£ ; :four: 
 5ï¸âƒ£ ; :digit_five: 
 5ï¸âƒ£ ; :five: 
 6ï¸âƒ£ ; :digit_six: 
 6ï¸âƒ£ ; :six: 
 7ï¸âƒ£ ; :digit_seven: 
 7ï¸âƒ£ ; :seven: 
 8ï¸âƒ£ ; :digit_eight: 
 8ï¸âƒ£ ; :eight: 
 9ï¸âƒ£ ; :digit_nine: 
 9ï¸âƒ£ ; :nine: 
 Â© ; :copyright: 
 Â® ; :registered: 
 ğŸ’¯ ; :100: 
 ğŸ”¢ ; :1234: 
 ğŸ± ; :8ball: 
 ğŸ…° ; :a: 
 ğŸ† ; :ab: 
 ğŸ§® ; :abacus: 
 ğŸ”¤ ; :abc: 
 ğŸ”¡ ; :abcd: 
 ğŸ‰‘ ; :accept: 
 ğŸ§‘ ; :adult: 
 ğŸš¡ ; :aerial_tramway: 
 âœˆ ; :airplane: 
 ğŸ›¬ ; :airplane_arriving: 
 ğŸ›« ; :airplane_departure: 
 ğŸ›© ; :airplane_small: 
 â° ; :alarm_clock: 
 âš— ; :alembic: 
 ğŸ‘½ ; :alien: 
 ğŸš‘ ; :ambulance: 
 ğŸº ; :amphora: 
 âš“ ; :anchor: 
 ğŸ‘¼ ; :angel: 
 ğŸ’¢ ; :anger: 
 ğŸ—¯ ; :anger_right: 
 ğŸ˜  ; :angry: 
 ğŸ˜§ ; :anguished: 
 ğŸœ ; :ant: 
 ğŸ ; :apple: 
 â™’ ; :aquarius: 
 â™ˆ ; :aries: 
 â—€ ; :arrow_backward: 
 â¬ ; :arrow_double_down: 
 â« ; :arrow_double_up: 
 â¬‡ ; :arrow_down: 
 ğŸ”½ ; :arrow_down_small: 
 â–¶ ; :arrow_forward: 
 â¤µ ; :arrow_heading_down: 
 â¤´ ; :arrow_heading_up: 
 â¬… ; :arrow_left: 
 â†™ ; :arrow_lower_left: 
 â†˜ ; :arrow_lower_right: 
 â¡ ; :arrow_right: 
 â†ª ; :arrow_right_hook: 
 â¬† ; :arrow_up: 
 â†• ; :arrow_up_down: 
 ğŸ”¼ ; :arrow_up_small: 
 â†– ; :arrow_upper_left: 
 â†— ; :arrow_upper_right: 
 ğŸ”ƒ ; :arrows_clockwise: 
 ğŸ”„ ; :arrows_counterclockwise: 
 ğŸ¨ ; :art: 
 ğŸš› ; :articulated_lorry: 
 ğŸ˜² ; :astonished: 
 ğŸ‘Ÿ ; :athletic_shoe: 
 ğŸ§ ; :atm: 
 âš› ; :atom: 
 ğŸ¥‘ ; :avocado: 
 ğŸ…± ; :b: 
 ğŸ‘¶ ; :baby: 
 ğŸ¼ ; :baby_bottle: 
 ğŸ¤ ; :baby_chick: 
 ğŸš¼ ; :baby_symbol: 
 ğŸ”™ ; :back: 
 ğŸ¥“ ; :bacon: 
 ğŸ¦¡ ; :badger: 
 ğŸ¸ ; :badminton: 
 ğŸ¥¯ ; :bagel: 
 ğŸ›„ ; :baggage_claim: 
 ğŸ¦² ; :bald: 
 ğŸˆ ; :balloon: 
 ğŸ—³ ; :ballot_box: 
 â˜‘ ; :ballot_box_with_check: 
 ğŸ ; :bamboo: 
 ğŸŒ ; :banana: 
 â€¼ ; :bangbang: 
 ğŸ¦ ; :bank: 
 ğŸ“Š ; :bar_chart: 
 ğŸ’ˆ ; :barber: 
 âš¾ ; :baseball: 
 ğŸ§º ; :basket: 
 ğŸ€ ; :basketball: 
 â›¹ ; :basketball_player: 
 ğŸ¦‡ ; :bat: 
 ğŸ›€ ; :bath: 
 ğŸ› ; :bathtub: 
 ğŸ”‹ ; :battery: 
 ğŸ– ; :beach: 
 â›± ; :beach_umbrella: 
 ğŸ» ; :bear: 
 ğŸ§” ; :bearded_person: 
 ğŸ› ; :bed: 
 ğŸ ; :bee: 
 ğŸº ; :beer: 
 ğŸ» ; :beers: 
 ğŸ ; :beetle: 
 ğŸ”° ; :beginner: 
 ğŸ”” ; :bell: 
 ğŸ› ; :bellhop: 
 ğŸ± ; :bento: 
 ğŸš´ ; :bicyclist: 
 ğŸš² ; :bike: 
 ğŸ‘™ ; :bikini: 
 ğŸ§¢ ; :billed_cap: 
 â˜£ ; :biohazard: 
 ğŸ¦ ; :bird: 
 ğŸ‚ ; :birthday: 
 âš« ; :black_circle: 
 ğŸ–¤ ; :black_heart: 
 ğŸƒ ; :black_joker: 
 â¬› ; :black_large_square: 
 â—¾ ; :black_medium_small_square: 
 â—¼ ; :black_medium_square: 
 âœ’ ; :black_nib: 
 â–ª ; :black_small_square: 
 ğŸ”² ; :black_square_button: 
 ğŸŒ¼ ; :blossom: 
 ğŸ¡ ; :blowfish: 
 ğŸ“˜ ; :blue_book: 
 ğŸš™ ; :blue_car: 
 ğŸ”µ ; :blue_circle: 
 ğŸ’™ ; :blue_heart: 
 ğŸ˜Š ; :blush: 
 ğŸ— ; :boar: 
 ğŸ’£ ; :bomb: 
 ğŸ¦´ ; :bone: 
 ğŸ“– ; :book: 
 ğŸ”– ; :bookmark: 
 ğŸ“‘ ; :bookmark_tabs: 
 ğŸ“š ; :books: 
 ğŸ’¥ ; :boom: 
 ğŸ‘¢ ; :boot: 
 ğŸ’ ; :bouquet: 
 ğŸ™‡ ; :bow: 
 ğŸ¹ ; :bow_and_arrow: 
 ğŸ¥£ ; :bowl_with_spoon: 
 ğŸ³ ; :bowling: 
 ğŸ¥Š ; :boxing_glove: 
 ğŸ‘¦ ; :boy: 
 ğŸ§  ; :brain: 
 ğŸ ; :bread: 
 ğŸ¤± ; :breast_feeding: 
 ğŸ§± ; :bricks: 
 ğŸ‘° ; :bride_with_veil: 
 ğŸŒ‰ ; :bridge_at_night: 
 ğŸ’¼ ; :briefcase: 
 ğŸ¥¦ ; :broccoli: 
 ğŸ’” ; :broken_heart: 
 ğŸ§¹ ; :broom: 
 ğŸ› ; :bug: 
 ğŸ’¡ ; :bulb: 
 ğŸš… ; :bullettrain_front: 
 ğŸš„ ; :bullettrain_side: 
 ğŸŒ¯ ; :burrito: 
 ğŸšŒ ; :bus: 
 ğŸš ; :busstop: 
 ğŸ‘¤ ; :bust_in_silhouette: 
 ğŸ‘¥ ; :busts_in_silhouette: 
 ğŸ¦‹ ; :butterfly: 
 ğŸŒµ ; :cactus: 
 ğŸ° ; :cake: 
 ğŸ“† ; :calendar: 
 ğŸ—“ ; :calendar_spiral: 
 ğŸ¤™ ; :call_me: 
 ğŸ“² ; :calling: 
 ğŸ« ; :camel: 
 ğŸ“· ; :camera: 
 ğŸ“¸ ; :camera_with_flash: 
 ğŸ• ; :camping: 
 â™‹ ; :cancer: 
 ğŸ•¯ ; :candle: 
 ğŸ¬ ; :candy: 
 ğŸ¥« ; :canned_food: 
 ğŸ›¶ ; :canoe: 
 ğŸ”  ; :capital_abcd: 
 â™‘ ; :capricorn: 
 ğŸ—ƒ ; :card_box: 
 ğŸ“‡ ; :card_index: 
 ğŸ  ; :carousel_horse: 
 ğŸ¥• ; :carrot: 
 ğŸ¤¸ ; :cartwheel: 
 ğŸˆ ; :cat2: 
 ğŸ± ; :cat: 
 ğŸ’¿ ; :cd: 
 â›“ ; :chains: 
 ğŸ¾ ; :champagne: 
 ğŸ¥‚ ; :champagne_glass: 
 ğŸ’¹ ; :chart: 
 ğŸ“‰ ; :chart_with_downwards_trend: 
 ğŸ“ˆ ; :chart_with_upwards_trend: 
 ğŸ ; :checkered_flag: 
 ğŸ§€ ; :cheese: 
 ğŸ’ ; :cherries: 
 ğŸŒ¸ ; :cherry_blossom: 
 ğŸŒ° ; :chestnut: 
 ğŸ” ; :chicken: 
 ğŸ§’ ; :child: 
 ğŸš¸ ; :children_crossing: 
 ğŸ¿ ; :chipmunk: 
 ğŸ« ; :chocolate_bar: 
 ğŸ¥¢ ; :chopsticks: 
 ğŸ„ ; :christmas_tree: 
 â›ª ; :church: 
 ğŸ¦ ; :cinema: 
 ğŸª ; :circus_tent: 
 ğŸŒ† ; :city_dusk: 
 ğŸŒ‡ ; :city_sunset: 
 ğŸ™ ; :cityscape: 
 ğŸ†‘ ; :cl: 
 ğŸ‘ ; :clap: 
 ğŸ¬ ; :clapper: 
 ğŸ› ; :classical_building: 
 ğŸ“‹ ; :clipboard: 
 ğŸ•¥ ; :clock1030: 
 ğŸ•™ ; :clock10: 
 ğŸ•¦ ; :clock1130: 
 ğŸ•š ; :clock11: 
 ğŸ•§ ; :clock1230: 
 ğŸ•› ; :clock12: 
 ğŸ•œ ; :clock130: 
 ğŸ• ; :clock1: 
 ğŸ• ; :clock230: 
 ğŸ•‘ ; :clock2: 
 ğŸ• ; :clock330: 
 ğŸ•’ ; :clock3: 
 ğŸ•Ÿ ; :clock430: 
 ğŸ•“ ; :clock4: 
 ğŸ•  ; :clock530: 
 ğŸ•” ; :clock5: 
 ğŸ•¡ ; :clock630: 
 ğŸ•• ; :clock6: 
 ğŸ•¢ ; :clock730: 
 ğŸ•– ; :clock7: 
 ğŸ•£ ; :clock830: 
 ğŸ•— ; :clock8: 
 ğŸ•¤ ; :clock930: 
 ğŸ•˜ ; :clock9: 
 ğŸ•° ; :clock: 
 ğŸ“• ; :closed_book: 
 ğŸ” ; :closed_lock_with_key: 
 ğŸŒ‚ ; :closed_umbrella: 
 â˜ ; :cloud: 
 ğŸŒ© ; :cloud_lightning: 
 ğŸŒ§ ; :cloud_rain: 
 ğŸŒ¨ ; :cloud_snow: 
 ğŸŒª ; :cloud_tornado: 
 ğŸ¤¡ ; :clown: 
 â™£ ; :clubs: 
 ğŸ§¥ ; :coat: 
 ğŸ¸ ; :cocktail: 
 ğŸ¥¥ ; :coconut: 
 â˜• ; :coffee: 
 âš° ; :coffin: 
 ğŸ¥¶ ; :cold_face: 
 ğŸ˜° ; :cold_sweat: 
 â˜„ ; :comet: 
 ğŸ§­ ; :compass: 
 ğŸ—œ ; :compression: 
 ğŸ’» ; :computer: 
 ğŸŠ ; :confetti_ball: 
 ğŸ˜– ; :confounded: 
 ğŸ˜• ; :confused: 
 ãŠ— ; :congratulations: 
 ğŸš§ ; :construction: 
 ğŸ— ; :construction_site: 
 ğŸ‘· ; :construction_worker: 
 ğŸ› ; :control_knobs: 
 ğŸª ; :convenience_store: 
 ğŸª ; :cookie: 
 ğŸ³ ; :cooking: 
 ğŸ†’ ; :cool: 
 ğŸ‘® ; :cop: 
 ğŸŒ½ ; :corn: 
 ğŸ›‹ ; :couch: 
 ğŸ‘« ; :couple: 
 ğŸ’‘ ; :couple_with_heart: 
 ğŸ’ ; :couplekiss: 
 ğŸ„ ; :cow2: 
 ğŸ® ; :cow: 
 ğŸ¤  ; :cowboy: 
 ğŸ¦€ ; :crab: 
 ğŸ– ; :crayon: 
 ğŸ’³ ; :credit_card: 
 ğŸŒ™ ; :crescent_moon: 
 ğŸ¦— ; :cricket: 
 ğŸŠ ; :crocodile: 
 ğŸ¥ ; :croissant: 
 âœ ; :cross: 
 ğŸŒ ; :crossed_flags: 
 âš” ; :crossed_swords: 
 ğŸ‘‘ ; :crown: 
 ğŸ›³ ; :cruise_ship: 
 ğŸ˜¢ ; :cry: 
 ğŸ˜¿ ; :crying_cat_face: 
 ğŸ”® ; :crystal_ball: 
 ğŸ¥’ ; :cucumber: 
 ğŸ¥¤ ; :cup_with_straw: 
 ğŸ§ ; :cupcake: 
 ğŸ’˜ ; :cupid: 
 ğŸ¥Œ ; :curling_stone: 
 ğŸ¦± ; :curly_haired: 
 â° ; :curly_loop: 
 ğŸ’± ; :currency_exchange: 
 ğŸ› ; :curry: 
 ğŸ® ; :custard: 
 ğŸ›ƒ ; :customs: 
 ğŸ¥© ; :cut_of_meat: 
 ğŸŒ€ ; :cyclone: 
 ğŸ—¡ ; :dagger: 
 ğŸ’ƒ ; :dancer: 
 ğŸ‘¯ ; :dancers: 
 ğŸ¡ ; :dango: 
 ğŸ•¶ ; :dark_sunglasses: 
 ğŸ¯ ; :dart: 
 ğŸ’¨ ; :dash: 
 ğŸ“… ; :date: 
 ğŸŒ³ ; :deciduous_tree: 
 ğŸ¦Œ ; :deer: 
 ğŸ¬ ; :department_store: 
 ğŸœ ; :desert: 
 ğŸ–¥ ; :desktop: 
 ğŸ’  ; :diamond_shape_with_a_dot_inside: 
 â™¦ ; :diamonds: 
 ğŸ˜ ; :disappointed: 
 ğŸ˜¥ ; :disappointed_relieved: 
 ğŸ—‚ ; :dividers: 
 ğŸ’« ; :dizzy: 
 ğŸ˜µ ; :dizzy_face: 
 ğŸ§¬ ; :dna: 
 ğŸš¯ ; :do_not_litter: 
 ğŸ• ; :dog2: 
 ğŸ¶ ; :dog: 
 ğŸ’µ ; :dollar: 
 ğŸ ; :dolls: 
 ğŸ¬ ; :dolphin: 
 ğŸšª ; :door: 
 ğŸ© ; :doughnut: 
 ğŸ•Š ; :dove: 
 ğŸ‰ ; :dragon: 
 ğŸ² ; :dragon_face: 
 ğŸ‘— ; :dress: 
 ğŸª ; :dromedary_camel: 
 ğŸ¤¤ ; :drooling_face: 
 ğŸ’§ ; :droplet: 
 ğŸ¥ ; :drum: 
 ğŸ¦† ; :duck: 
 ğŸ¥Ÿ ; :dumpling: 
 ğŸ“€ ; :dvd: 
 ğŸ“§ ; :e-mail: 
 ğŸ¦… ; :eagle: 
 ğŸ‘‚ ; :ear: 
 ğŸŒ¾ ; :ear_of_rice: 
 ğŸŒ ; :earth_africa: 
 ğŸŒ ; :earth_americas: 
 ğŸŒ ; :earth_asia: 
 ğŸ¥š ; :egg: 
 ğŸ† ; :eggplant: 
 âœ´ ; :eight_pointed_black_star: 
 âœ³ ; :eight_spoked_asterisk: 
 â ; :eject: 
 ğŸ”Œ ; :electric_plug: 
 ğŸ˜ ; :elephant: 
 ğŸ§ ; :elf: 
 ğŸ”š ; :end: 
 âœ‰ ; :envelope: 
 ğŸ“© ; :envelope_with_arrow: 
 ğŸ’¶ ; :euro: 
 ğŸ° ; :european_castle: 
 ğŸ¤ ; :european_post_office: 
 ğŸŒ² ; :evergreen_tree: 
 â— ; :exclamation: 
 ğŸ¤¯ ; :exploding_head: 
 ğŸ˜‘ ; :expressionless: 
 ğŸ‘ ; :eye: 
 ğŸ‘“ ; :eyeglasses: 
 ğŸ‘€ ; :eyes: 
 ğŸ¤¦ ; :face_palm: 
 ğŸ¤® ; :face_vomiting: 
 ğŸ¤­ ; :face_with_hand_over_mouth: 
 ğŸ§ ; :face_with_monocle: 
 ğŸ¤¨ ; :face_with_raised_eyebrow: 
 ğŸ¤¬ ; :face_with_symbols_over_mouth: 
 ğŸ­ ; :factory: 
 ğŸ§š ; :fairy: 
 ğŸ‚ ; :fallen_leaf: 
 ğŸ‘ª ; :family: 
 â© ; :fast_forward: 
 ğŸ“  ; :fax: 
 ğŸ˜¨ ; :fearful: 
 ğŸ¾ ; :feet: 
 â™€ ; :female_sign: 
 ğŸ¤º ; :fencer: 
 ğŸ¡ ; :ferris_wheel: 
 â›´ ; :ferry: 
 ğŸ‘ ; :field_hockey: 
 ğŸ—„ ; :file_cabinet: 
 ğŸ“ ; :file_folder: 
 ğŸ ; :film_frames: 
 ğŸ¤ ; :fingers_crossed: 
 ğŸ”¥ ; :fire: 
 ğŸš’ ; :fire_engine: 
 ğŸ§¯ ; :fire_extinguisher: 
 ğŸ§¨ ; :firecracker: 
 ğŸ† ; :fireworks: 
 ğŸ¥‡ ; :first_place: 
 ğŸŒ“ ; :first_quarter_moon: 
 ğŸŒ› ; :first_quarter_moon_with_face: 
 ğŸŸ ; :fish: 
 ğŸ¥ ; :fish_cake: 
 ğŸ£ ; :fishing_pole_and_fish: 
 âœŠ ; :fist: 
 ğŸ´ ; :flag_black: 
 ğŸ³ ; :flag_white: 
 ğŸ ; :flags: 
 ğŸ”¦ ; :flashlight: 
 âšœ ; :fleur-de-lis: 
 ğŸ’¾ ; :floppy_disk: 
 ğŸ´ ; :flower_playing_cards: 
 ğŸ˜³ ; :flushed: 
 ğŸ¥ ; :flying_disc: 
 ğŸ›¸ ; :flying_saucer: 
 ğŸŒ« ; :fog: 
 ğŸŒ ; :foggy: 
 ğŸ¦¶ ; :foot: 
 ğŸˆ ; :football: 
 ğŸ‘£ ; :footprints: 
 ğŸ´ ; :fork_and_knife: 
 ğŸ½ ; :fork_knife_plate: 
 ğŸ¥  ; :fortune_cookie: 
 â›² ; :fountain: 
 ğŸ€ ; :four_leaf_clover: 
 ğŸ¦Š ; :fox: 
 ğŸ–¼ ; :frame_photo: 
 ğŸ†“ ; :free: 
 ğŸ¥– ; :french_bread: 
 ğŸ¤ ; :fried_shrimp: 
 ğŸŸ ; :fries: 
 ğŸ¸ ; :frog: 
 â˜¹ ; :frowning2: 
 ğŸ˜¦ ; :frowning: 
 â›½ ; :fuelpump: 
 ğŸŒ• ; :full_moon: 
 ğŸŒ ; :full_moon_with_face: 
 ğŸ² ; :game_die: 
 âš™ ; :gear: 
 ğŸ’ ; :gem: 
 â™Š ; :gemini: 
 ğŸ§ ; :genie: 
 ğŸ‘» ; :ghost: 
 ğŸ ; :gift: 
 ğŸ’ ; :gift_heart: 
 ğŸ¦’ ; :giraffe: 
 ğŸ‘§ ; :girl: 
 ğŸŒ ; :globe_with_meridians: 
 ğŸ§¤ ; :gloves: 
 ğŸ¥… ; :goal: 
 ğŸ ; :goat: 
 ğŸ¥½ ; :goggles: 
 â›³ ; :golf: 
 ğŸŒ ; :golfer: 
 ğŸ¦ ; :gorilla: 
 ğŸ‡ ; :grapes: 
 ğŸ ; :green_apple: 
 ğŸ“— ; :green_book: 
 ğŸ’š ; :green_heart: 
 â• ; :grey_exclamation: 
 â” ; :grey_question: 
 ğŸ˜¬ ; :grimacing: 
 ğŸ˜ ; :grin: 
 ğŸ˜€ ; :grinning: 
 ğŸ’‚ ; :guardsman: 
 ğŸ¸ ; :guitar: 
 ğŸ”« ; :gun: 
 ğŸ’‡ ; :haircut: 
 ğŸ” ; :hamburger: 
 ğŸ”¨ ; :hammer: 
 âš’ ; :hammer_pick: 
 ğŸ¹ ; :hamster: 
 ğŸ– ; :hand_splayed: 
 ğŸ‘œ ; :handbag: 
 ğŸ¤¾ ; :handball: 
 ğŸ¤ ; :handshake: 
 ğŸ¥ ; :hatched_chick: 
 ğŸ£ ; :hatching_chick: 
 ğŸ¤• ; :head_bandage: 
 ğŸ§ ; :headphones: 
 ğŸ™‰ ; :hear_no_evil: 
 â¤ ; :heart: 
 ğŸ’Ÿ ; :heart_decoration: 
 â£ ; :heart_exclamation: 
 ğŸ˜ ; :heart_eyes: 
 ğŸ˜» ; :heart_eyes_cat: 
 ğŸ’“ ; :heartbeat: 
 ğŸ’— ; :heartpulse: 
 â™¥ ; :hearts: 
 âœ” ; :heavy_check_mark: 
 â— ; :heavy_division_sign: 
 ğŸ’² ; :heavy_dollar_sign: 
 â– ; :heavy_minus_sign: 
 âœ– ; :heavy_multiplication_x: 
 â• ; :heavy_plus_sign: 
 ğŸ¦” ; :hedgehog: 
 ğŸš ; :helicopter: 
 â›‘ ; :helmet_with_cross: 
 ğŸŒ¿ ; :herb: 
 ğŸŒº ; :hibiscus: 
 ğŸ”† ; :high_brightness: 
 ğŸ‘  ; :high_heel: 
 ğŸ¥¾ ; :hiking_boot: 
 ğŸ¦› ; :hippopotamus: 
 ğŸ’ ; :hockey: 
 ğŸ•³ ; :hole: 
 ğŸ˜ ; :homes: 
 ğŸ¯ ; :honey_pot: 
 ğŸ´ ; :horse: 
 ğŸ‡ ; :horse_racing: 
 ğŸ¥ ; :hospital: 
 ğŸ¥µ ; :hot_face: 
 ğŸŒ¶ ; :hot_pepper: 
 ğŸŒ­ ; :hotdog: 
 ğŸ¨ ; :hotel: 
 â™¨ ; :hotsprings: 
 âŒ› ; :hourglass: 
 â³ ; :hourglass_flowing_sand: 
 ğŸ  ; :house: 
 ğŸš ; :house_abandoned: 
 ğŸ¡ ; :house_with_garden: 
 ğŸ¤— ; :hugging: 
 ğŸ˜¯ ; :hushed: 
 ğŸ¨ ; :ice_cream: 
 â›¸ ; :ice_skate: 
 ğŸ¦ ; :icecream: 
 ğŸ†” ; :id: 
 ğŸ‰ ; :ideograph_advantage: 
 ğŸ‘¿ ; :imp: 
 ğŸ“¥ ; :inbox_tray: 
 ğŸ“¨ ; :incoming_envelope: 
 ğŸ’ ; :information_desk_person: 
 â„¹ ; :information_source: 
 ğŸ˜‡ ; :innocent: 
 â‰ ; :interrobang: 
 ğŸ“± ; :iphone: 
 ğŸ ; :island: 
 ğŸ® ; :izakaya_lantern: 
 ğŸƒ ; :jack_o_lantern: 
 ğŸ—¾ ; :japan: 
 ğŸ¯ ; :japanese_castle: 
 ğŸ‘º ; :japanese_goblin: 
 ğŸ‘¹ ; :japanese_ogre: 
 ğŸ‘– ; :jeans: 
 ğŸ§© ; :jigsaw: 
 ğŸ˜‚ ; :joy: 
 ğŸ˜¹ ; :joy_cat: 
 ğŸ•¹ ; :joystick: 
 ğŸ¤¹ ; :juggling: 
 ğŸ•‹ ; :kaaba: 
 ğŸ¦˜ ; :kangaroo: 
 ğŸ— ; :key2: 
 ğŸ”‘ ; :key: 
 âŒ¨ ; :keyboard: 
 ğŸ‘˜ ; :kimono: 
 ğŸ’‹ ; :kiss: 
 ğŸ˜— ; :kissing: 
 ğŸ˜½ ; :kissing_cat: 
 ğŸ˜š ; :kissing_closed_eyes: 
 ğŸ˜˜ ; :kissing_heart: 
 ğŸ˜™ ; :kissing_smiling_eyes: 
 ğŸ¥ ; :kiwi: 
 ğŸ”ª ; :knife: 
 ğŸ¨ ; :koala: 
 ğŸˆ ; :koko: 
 ğŸ¥¼ ; :lab_coat: 
 ğŸ· ; :label: 
 ğŸ¥ ; :lacrosse: 
 ğŸ”· ; :large_blue_diamond: 
 ğŸ”¶ ; :large_orange_diamond: 
 ğŸŒ— ; :last_quarter_moon: 
 ğŸŒœ ; :last_quarter_moon_with_face: 
 ğŸ˜† ; :laughing: 
 ğŸ¥¬ ; :leafy_green: 
 ğŸƒ ; :leaves: 
 ğŸ“’ ; :ledger: 
 ğŸ¤› ; :left_facing_fist: 
 ğŸ›… ; :left_luggage: 
 â†” ; :left_right_arrow: 
 â†© ; :leftwards_arrow_with_hook: 
 ğŸ¦µ ; :leg: 
 ğŸ‹ ; :lemon: 
 â™Œ ; :leo: 
 ğŸ† ; :leopard: 
 ğŸš ; :level_slider: 
 ğŸ•´ ; :levitate: 
 â™ ; :libra: 
 ğŸ‹ ; :lifter: 
 ğŸšˆ ; :light_rail: 
 ğŸ”— ; :link: 
 ğŸ¦ ; :lion_face: 
 ğŸ‘„ ; :lips: 
 ğŸ’„ ; :lipstick: 
 ğŸ¦ ; :lizard: 
 ğŸ¦™ ; :llama: 
 ğŸ¦ ; :lobster: 
 ğŸ”’ ; :lock: 
 ğŸ” ; :lock_with_ink_pen: 
 ğŸ­ ; :lollipop: 
 â¿ ; :loop: 
 ğŸ”Š ; :loud_sound: 
 ğŸ“¢ ; :loudspeaker: 
 ğŸ© ; :love_hotel: 
 ğŸ’Œ ; :love_letter: 
 ğŸ¤Ÿ ; :love_you_gesture: 
 ğŸ”… ; :low_brightness: 
 ğŸ§³ ; :luggage: 
 ğŸ¤¥ ; :lying_face: 
 â“‚ ; :m: 
 ğŸ” ; :mag: 
 ğŸ” ; :mag_right: 
 ğŸ§™ ; :mage: 
 ğŸ§² ; :magnet: 
 ğŸ€„ ; :mahjong: 
 ğŸ“« ; :mailbox: 
 ğŸ“ª ; :mailbox_closed: 
 ğŸ“¬ ; :mailbox_with_mail: 
 ğŸ“­ ; :mailbox_with_no_mail: 
 â™‚ ; :male_sign: 
 ğŸ‘¨ ; :man: 
 ğŸ•º ; :man_dancing: 
 ğŸ¤µ ; :man_in_tuxedo: 
 ğŸ‘² ; :man_with_gua_pi_mao: 
 ğŸ‘³ ; :man_with_turban: 
 ğŸ¥­ ; :mango: 
 ğŸ‘ ; :mans_shoe: 
 ğŸ—º ; :map: 
 ğŸ ; :maple_leaf: 
 ğŸ¥‹ ; :martial_arts_uniform: 
 ğŸ˜· ; :mask: 
 ğŸ’† ; :massage: 
 ğŸ– ; :meat_on_bone: 
 ğŸ… ; :medal: 
 âš• ; :medical_symbol: 
 ğŸ“£ ; :mega: 
 ğŸˆ ; :melon: 
 ğŸ• ; :menorah: 
 ğŸš¹ ; :mens: 
 ğŸ§œ ; :merperson: 
 ğŸ¤˜ ; :metal: 
 ğŸš‡ ; :metro: 
 ğŸ¦  ; :microbe: 
 ğŸ™ ; :microphone2: 
 ğŸ¤ ; :microphone: 
 ğŸ”¬ ; :microscope: 
 ğŸ–• ; :middle_finger: 
 ğŸ– ; :military_medal: 
 ğŸ¥› ; :milk: 
 ğŸŒŒ ; :milky_way: 
 ğŸš ; :minibus: 
 ğŸ’½ ; :minidisc: 
 ğŸ“´ ; :mobile_phone_off: 
 ğŸ¤‘ ; :money_mouth: 
 ğŸ’¸ ; :money_with_wings: 
 ğŸ’° ; :moneybag: 
 ğŸ’ ; :monkey: 
 ğŸµ ; :monkey_face: 
 ğŸš ; :monorail: 
 ğŸ¥® ; :moon_cake: 
 ğŸ“ ; :mortar_board: 
 ğŸ•Œ ; :mosque: 
 ğŸ¦Ÿ ; :mosquito: 
 ğŸ›µ ; :motor_scooter: 
 ğŸ›¥ ; :motorboat: 
 ğŸ ; :motorcycle: 
 ğŸ›£ ; :motorway: 
 ğŸ—» ; :mount_fuji: 
 â›° ; :mountain: 
 ğŸšµ ; :mountain_bicyclist: 
 ğŸš  ; :mountain_cableway: 
 ğŸš ; :mountain_railway: 
 ğŸ” ; :mountain_snow: 
 ğŸ ; :mouse2: 
 ğŸ­ ; :mouse: 
 ğŸ–± ; :mouse_three_button: 
 ğŸ¥ ; :movie_camera: 
 ğŸ—¿ ; :moyai: 
 ğŸ¤¶ ; :mrs_claus: 
 ğŸ’ª ; :muscle: 
 ğŸ„ ; :mushroom: 
 ğŸ¹ ; :musical_keyboard: 
 ğŸµ ; :musical_note: 
 ğŸ¼ ; :musical_score: 
 ğŸ”‡ ; :mute: 
 ğŸ’… ; :nail_care: 
 ğŸ“› ; :name_badge: 
 ğŸ¤¢ ; :nauseated_face: 
 ğŸ§¿ ; :nazar_amulet: 
 ğŸ‘” ; :necktie: 
 â ; :negative_squared_cross_mark: 
 ğŸ¤“ ; :nerd: 
 ğŸ˜ ; :neutral_face: 
 ğŸ†• ; :new: 
 ğŸŒ‘ ; :new_moon: 
 ğŸŒš ; :new_moon_with_face: 
 ğŸ— ; :newspaper2: 
 ğŸ“° ; :newspaper: 
 ğŸ†– ; :ng: 
 ğŸŒƒ ; :night_with_stars: 
 ğŸ”• ; :no_bell: 
 ğŸš³ ; :no_bicycles: 
 â›” ; :no_entry: 
 ğŸš« ; :no_entry_sign: 
 ğŸ™… ; :no_good: 
 ğŸ“µ ; :no_mobile_phones: 
 ğŸ˜¶ ; :no_mouth: 
 ğŸš· ; :no_pedestrians: 
 ğŸš­ ; :no_smoking: 
 ğŸš± ; :non-potable_water: 
 ğŸ‘ƒ ; :nose: 
 ğŸ““ ; :notebook: 
 ğŸ“” ; :notebook_with_decorative_cover: 
 ğŸ—’ ; :notepad_spiral: 
 ğŸ¶ ; :notes: 
 ğŸ”© ; :nut_and_bolt: 
 ğŸ…¾ ; :o2: 
 â­• ; :o: 
 ğŸŒŠ ; :ocean: 
 ğŸ›‘ ; :octagonal_sign: 
 ğŸ™ ; :octopus: 
 ğŸ¢ ; :oden: 
 ğŸ¢ ; :office: 
 ğŸ›¢ ; :oil: 
 ğŸ†— ; :ok: 
 ğŸ‘Œ ; :ok_hand: 
 ğŸ™† ; :ok_woman: 
 ğŸ§“ ; :older_adult: 
 ğŸ‘´ ; :older_man: 
 ğŸ‘µ ; :older_woman: 
 ğŸ•‰ ; :om_symbol: 
 ğŸ”› ; :on: 
 ğŸš˜ ; :oncoming_automobile: 
 ğŸš ; :oncoming_bus: 
 ğŸš” ; :oncoming_police_car: 
 ğŸš– ; :oncoming_taxi: 
 ğŸ“‚ ; :open_file_folder: 
 ğŸ‘ ; :open_hands: 
 ğŸ˜® ; :open_mouth: 
 â› ; :ophiuchus: 
 ğŸ“™ ; :orange_book: 
 ğŸ§¡ ; :orange_heart: 
 â˜¦ ; :orthodox_cross: 
 ğŸ“¤ ; :outbox_tray: 
 ğŸ¦‰ ; :owl: 
 ğŸ‚ ; :ox: 
 ğŸ“¦ ; :package: 
 ğŸ“„ ; :page_facing_up: 
 ğŸ“ƒ ; :page_with_curl: 
 ğŸ“Ÿ ; :pager: 
 ğŸ–Œ ; :paintbrush: 
 ğŸŒ´ ; :palm_tree: 
 ğŸ¤² ; :palms_up_together: 
 ğŸ¥ ; :pancakes: 
 ğŸ¼ ; :panda_face: 
 ğŸ“ ; :paperclip: 
 ğŸ–‡ ; :paperclips: 
 ğŸ ; :park: 
 ğŸ…¿ ; :parking: 
 ğŸ¦œ ; :parrot: 
 ã€½ ; :part_alternation_mark: 
 â›… ; :partly_sunny: 
 ğŸ¥³ ; :partying_face: 
 ğŸ›‚ ; :passport_control: 
 â¸ ; :pause_button: 
 â˜® ; :peace: 
 ğŸ‘ ; :peach: 
 ğŸ¦š ; :peacock: 
 ğŸ¥œ ; :peanuts: 
 ğŸ ; :pear: 
 ğŸ–Š ; :pen_ballpoint: 
 ğŸ–‹ ; :pen_fountain: 
 âœ ; :pencil2: 
 ğŸ“ ; :pencil: 
 ğŸ§ ; :penguin: 
 ğŸ˜” ; :pensive: 
 ğŸ­ ; :performing_arts: 
 ğŸ˜£ ; :persevere: 
 ğŸ§— ; :person_climbing: 
 ğŸ™ ; :person_frowning: 
 ğŸ§˜ ; :person_in_lotus_position: 
 ğŸ§– ; :person_in_steamy_room: 
 ğŸ‘± ; :person_with_blond_hair: 
 ğŸ™ ; :person_with_pouting_face: 
 ğŸ§« ; :petri_dish: 
 â› ; :pick: 
 ğŸ¥§ ; :pie: 
 ğŸ– ; :pig2: 
 ğŸ· ; :pig: 
 ğŸ½ ; :pig_nose: 
 ğŸ’Š ; :pill: 
 ğŸ ; :pineapple: 
 ğŸ“ ; :ping_pong: 
 â™“ ; :pisces: 
 ğŸ• ; :pizza: 
 ğŸ› ; :place_of_worship: 
 â¯ ; :play_pause: 
 ğŸ¥º ; :pleading_face: 
 ğŸ‘‡ ; :point_down: 
 ğŸ‘ˆ ; :point_left: 
 ğŸ‘‰ ; :point_right: 
 â˜ ; :point_up: 
 ğŸ‘† ; :point_up_2: 
 ğŸš“ ; :police_car: 
 ğŸ© ; :poodle: 
 ğŸ’© ; :poop: 
 ğŸ¿ ; :popcorn: 
 ğŸ£ ; :post_office: 
 ğŸ“¯ ; :postal_horn: 
 ğŸ“® ; :postbox: 
 ğŸš° ; :potable_water: 
 ğŸ¥” ; :potato: 
 ğŸ‘ ; :pouch: 
 ğŸ— ; :poultry_leg: 
 ğŸ’· ; :pound: 
 ğŸ˜¾ ; :pouting_cat: 
 ğŸ™ ; :pray: 
 ğŸ“¿ ; :prayer_beads: 
 ğŸ¤° ; :pregnant_woman: 
 ğŸ¥¨ ; :pretzel: 
 ğŸ¤´ ; :prince: 
 ğŸ‘¸ ; :princess: 
 ğŸ–¨ ; :printer: 
 ğŸ“½ ; :projector: 
 ğŸ‘Š ; :punch: 
 ğŸ’œ ; :purple_heart: 
 ğŸ‘› ; :purse: 
 ğŸ“Œ ; :pushpin: 
 ğŸš® ; :put_litter_in_its_place: 
 â“ ; :question: 
 ğŸ‡ ; :rabbit2: 
 ğŸ° ; :rabbit: 
 ğŸ¦ ; :raccoon: 
 ğŸ ; :race_car: 
 ğŸ ; :racehorse: 
 ğŸ“» ; :radio: 
 ğŸ”˜ ; :radio_button: 
 â˜¢ ; :radioactive: 
 ğŸ˜¡ ; :rage: 
 ğŸšƒ ; :railway_car: 
 ğŸ›¤ ; :railway_track: 
 ğŸŒˆ ; :rainbow: 
 ğŸ¤š ; :raised_back_of_hand: 
 âœ‹ ; :raised_hand: 
 ğŸ™Œ ; :raised_hands: 
 ğŸ™‹ ; :raising_hand: 
 ğŸ ; :ram: 
 ğŸœ ; :ramen: 
 ğŸ€ ; :rat: 
 ğŸ§¾ ; :receipt: 
 âº ; :record_button: 
 â™» ; :recycle: 
 ğŸš— ; :red_car: 
 ğŸ”´ ; :red_circle: 
 ğŸ§§ ; :red_envelope: 
 ğŸ¦° ; :red_haired: 
 ğŸ‡¦ ; :regional_indicator_a: 
 ğŸ‡§ ; :regional_indicator_b: 
 ğŸ‡¨ ; :regional_indicator_c: 
 ğŸ‡© ; :regional_indicator_d: 
 ğŸ‡ª ; :regional_indicator_e: 
 ğŸ‡« ; :regional_indicator_f: 
 ğŸ‡¬ ; :regional_indicator_g: 
 ğŸ‡­ ; :regional_indicator_h: 
 ğŸ‡® ; :regional_indicator_i: 
 ğŸ‡¯ ; :regional_indicator_j: 
 ğŸ‡° ; :regional_indicator_k: 
 ğŸ‡± ; :regional_indicator_l: 
 ğŸ‡² ; :regional_indicator_m: 
 ğŸ‡³ ; :regional_indicator_n: 
 ğŸ‡´ ; :regional_indicator_o: 
 ğŸ‡µ ; :regional_indicator_p: 
 ğŸ‡¶ ; :regional_indicator_q: 
 ğŸ‡· ; :regional_indicator_r: 
 ğŸ‡¸ ; :regional_indicator_s: 
 ğŸ‡¹ ; :regional_indicator_t: 
 ğŸ‡º ; :regional_indicator_u: 
 ğŸ‡» ; :regional_indicator_v: 
 ğŸ‡¼ ; :regional_indicator_w: 
 ğŸ‡½ ; :regional_indicator_x: 
 ğŸ‡¾ ; :regional_indicator_y: 
 ğŸ‡¿ ; :regional_indicator_z: 
 â˜º ; :relaxed: 
 ğŸ˜Œ ; :relieved: 
 ğŸ— ; :reminder_ribbon: 
 ğŸ” ; :repeat: 
 ğŸ”‚ ; :repeat_one: 
 ğŸš» ; :restroom: 
 ğŸ’ ; :revolving_hearts: 
 âª ; :rewind: 
 ğŸ¦ ; :rhino: 
 ğŸ€ ; :ribbon: 
 ğŸš ; :rice: 
 ğŸ™ ; :rice_ball: 
 ğŸ˜ ; :rice_cracker: 
 ğŸ‘ ; :rice_scene: 
 ğŸ¤œ ; :right_facing_fist: 
 ğŸ’ ; :ring: 
 ğŸ¤– ; :robot: 
 ğŸš€ ; :rocket: 
 ğŸ¤£ ; :rofl: 
 ğŸ§» ; :roll_of_paper: 
 ğŸ¢ ; :roller_coaster: 
 ğŸ™„ ; :rolling_eyes: 
 ğŸ“ ; :rooster: 
 ğŸŒ¹ ; :rose: 
 ğŸµ ; :rosette: 
 ğŸš¨ ; :rotating_light: 
 ğŸ“ ; :round_pushpin: 
 ğŸš£ ; :rowboat: 
 ğŸ‰ ; :rugby_football: 
 ğŸƒ ; :runner: 
 ğŸ½ ; :running_shirt_with_sash: 
 ğŸˆ‚ ; :sa: 
 ğŸ§· ; :safety_pin: 
 â™ ; :sagittarius: 
 â›µ ; :sailboat: 
 ğŸ¶ ; :sake: 
 ğŸ¥— ; :salad: 
 ğŸ§‚ ; :salt: 
 ğŸ‘¡ ; :sandal: 
 ğŸ¥ª ; :sandwich: 
 ğŸ… ; :santa: 
 ğŸ“¡ ; :satellite: 
 ğŸ›° ; :satellite_orbital: 
 ğŸ¦• ; :sauropod: 
 ğŸ· ; :saxophone: 
 âš– ; :scales: 
 ğŸ§£ ; :scarf: 
 ğŸ« ; :school: 
 ğŸ’ ; :school_satchel: 
 âœ‚ ; :scissors: 
 ğŸ›´ ; :scooter: 
 ğŸ¦‚ ; :scorpion: 
 â™ ; :scorpius: 
 ğŸ˜± ; :scream: 
 ğŸ™€ ; :scream_cat: 
 ğŸ“œ ; :scroll: 
 ğŸ’º ; :seat: 
 ğŸ¥ˆ ; :second_place: 
 ãŠ™ ; :secret: 
 ğŸ™ˆ ; :see_no_evil: 
 ğŸŒ± ; :seedling: 
 ğŸ¤³ ; :selfie: 
 ğŸ¥˜ ; :shallow_pan_of_food: 
 â˜˜ ; :shamrock: 
 ğŸ¦ˆ ; :shark: 
 ğŸ§ ; :shaved_ice: 
 ğŸ‘ ; :sheep: 
 ğŸš ; :shell: 
 ğŸ›¡ ; :shield: 
 â›© ; :shinto_shrine: 
 ğŸš¢ ; :ship: 
 ğŸ‘• ; :shirt: 
 ğŸ› ; :shopping_bags: 
 ğŸ›’ ; :shopping_cart: 
 ğŸš¿ ; :shower: 
 ğŸ¦ ; :shrimp: 
 ğŸ¤· ; :shrug: 
 ğŸ¤« ; :shushing_face: 
 ğŸ“¶ ; :signal_strength: 
 ğŸ”¯ ; :six_pointed_star: 
 ğŸ›¹ ; :skateboard: 
 ğŸ¿ ; :ski: 
 â›· ; :skier: 
 ğŸ’€ ; :skull: 
 â˜  ; :skull_crossbones: 
 ğŸ›· ; :sled: 
 ğŸ˜´ ; :sleeping: 
 ğŸ›Œ ; :sleeping_accommodation: 
 ğŸ˜ª ; :sleepy: 
 ğŸ™ ; :slight_frown: 
 ğŸ™‚ ; :slight_smile: 
 ğŸ° ; :slot_machine: 
 ğŸ”¹ ; :small_blue_diamond: 
 ğŸ”¸ ; :small_orange_diamond: 
 ğŸ”º ; :small_red_triangle: 
 ğŸ”» ; :small_red_triangle_down: 
 ğŸ˜„ ; :smile: 
 ğŸ˜¸ ; :smile_cat: 
 ğŸ˜ƒ ; :smiley: 
 ğŸ˜º ; :smiley_cat: 
 ğŸ¥° ; :smiling_face_with_3_hearts: 
 ğŸ˜ˆ ; :smiling_imp: 
 ğŸ˜ ; :smirk: 
 ğŸ˜¼ ; :smirk_cat: 
 ğŸš¬ ; :smoking: 
 ğŸŒ ; :snail: 
 ğŸ ; :snake: 
 ğŸ¤§ ; :sneezing_face: 
 ğŸ‚ ; :snowboarder: 
 â„ ; :snowflake: 
 â˜ƒ ; :snowman2: 
 â›„ ; :snowman: 
 ğŸ§¼ ; :soap: 
 ğŸ˜­ ; :sob: 
 âš½ ; :soccer: 
 ğŸ§¦ ; :socks: 
 ğŸ¥ ; :softball: 
 ğŸ”œ ; :soon: 
 ğŸ†˜ ; :sos: 
 ğŸ”‰ ; :sound: 
 ğŸ‘¾ ; :space_invader: 
 â™  ; :spades: 
 ğŸ ; :spaghetti: 
 â‡ ; :sparkle: 
 ğŸ‡ ; :sparkler: 
 âœ¨ ; :sparkles: 
 ğŸ’– ; :sparkling_heart: 
 ğŸ™Š ; :speak_no_evil: 
 ğŸ”ˆ ; :speaker: 
 ğŸ—£ ; :speaking_head: 
 ğŸ’¬ ; :speech_balloon: 
 ğŸ—¨ ; :speech_left: 
 ğŸš¤ ; :speedboat: 
 ğŸ•· ; :spider: 
 ğŸ•¸ ; :spider_web: 
 ğŸ§½ ; :sponge: 
 ğŸ¥„ ; :spoon: 
 ğŸ•µ ; :spy: 
 ğŸ§´ ; :squeeze_bottle: 
 ğŸ¦‘ ; :squid: 
 ğŸŸ ; :stadium: 
 ğŸŒŸ ; :star2: 
 â­ ; :star: 
 â˜ª ; :star_and_crescent: 
 âœ¡ ; :star_of_david: 
 ğŸ¤© ; :star_struck: 
 ğŸŒ  ; :stars: 
 ğŸš‰ ; :station: 
 ğŸ—½ ; :statue_of_liberty: 
 ğŸš‚ ; :steam_locomotive: 
 ğŸ² ; :stew: 
 â¹ ; :stop_button: 
 â± ; :stopwatch: 
 ğŸ“ ; :straight_ruler: 
 ğŸ“ ; :strawberry: 
 ğŸ˜› ; :stuck_out_tongue: 
 ğŸ˜ ; :stuck_out_tongue_closed_eyes: 
 ğŸ˜œ ; :stuck_out_tongue_winking_eye: 
 ğŸ¥™ ; :stuffed_flatbread: 
 ğŸŒ ; :sun_with_face: 
 ğŸŒ» ; :sunflower: 
 ğŸ˜ ; :sunglasses: 
 â˜€ ; :sunny: 
 ğŸŒ… ; :sunrise: 
 ğŸŒ„ ; :sunrise_over_mountains: 
 ğŸ¦¸ ; :superhero: 
 ğŸ¦¹ ; :supervillain: 
 ğŸ„ ; :surfer: 
 ğŸ£ ; :sushi: 
 ğŸšŸ ; :suspension_railway: 
 ğŸ¦¢ ; :swan: 
 ğŸ˜“ ; :sweat: 
 ğŸ’¦ ; :sweat_drops: 
 ğŸ˜… ; :sweat_smile: 
 ğŸ  ; :sweet_potato: 
 ğŸŠ ; :swimmer: 
 ğŸ”£ ; :symbols: 
 ğŸ• ; :synagogue: 
 ğŸ’‰ ; :syringe: 
 ğŸ¦– ; :t_rex: 
 ğŸŒ® ; :taco: 
 ğŸ‰ ; :tada: 
 ğŸ¥¡ ; :takeout_box: 
 ğŸ‹ ; :tanabata_tree: 
 ğŸŠ ; :tangerine: 
 â™‰ ; :taurus: 
 ğŸš• ; :taxi: 
 ğŸµ ; :tea: 
 ğŸ§¸ ; :teddy_bear: 
 â˜ ; :telephone: 
 ğŸ“ ; :telephone_receiver: 
 ğŸ”­ ; :telescope: 
 ğŸ”Ÿ ; :ten: 
 ğŸ¾ ; :tennis: 
 â›º ; :tent: 
 ğŸ§ª ; :test_tube: 
 ğŸŒ¡ ; :thermometer: 
 ğŸ¤’ ; :thermometer_face: 
 ğŸ¤” ; :thinking: 
 ğŸ¥‰ ; :third_place: 
 ğŸ’­ ; :thought_balloon: 
 ğŸ§µ ; :thread: 
 ğŸ‘ ; :thumbsdown: 
 ğŸ‘ ; :thumbsup: 
 â›ˆ ; :thunder_cloud_rain: 
 ğŸ« ; :ticket: 
 ğŸŸ ; :tickets: 
 ğŸ… ; :tiger2: 
 ğŸ¯ ; :tiger: 
 â² ; :timer: 
 ğŸ˜« ; :tired_face: 
 â„¢ ; :tm: 
 ğŸš½ ; :toilet: 
 ğŸ—¼ ; :tokyo_tower: 
 ğŸ… ; :tomato: 
 ğŸ» ; :tone1: 
 ğŸ¼ ; :tone2: 
 ğŸ½ ; :tone3: 
 ğŸ¾ ; :tone4: 
 ğŸ¿ ; :tone5: 
 ğŸ‘… ; :tongue: 
 ğŸ§° ; :toolbox: 
 ğŸ›  ; :tools: 
 ğŸ¦· ; :tooth: 
 ğŸ” ; :top: 
 ğŸ© ; :tophat: 
 â­ ; :track_next: 
 â® ; :track_previous: 
 ğŸ–² ; :trackball: 
 ğŸšœ ; :tractor: 
 ğŸš¥ ; :traffic_light: 
 ğŸš† ; :train2: 
 ğŸš‹ ; :train: 
 ğŸšŠ ; :tram: 
 ğŸš© ; :triangular_flag_on_post: 
 ğŸ“ ; :triangular_ruler: 
 ğŸ”± ; :trident: 
 ğŸ˜¤ ; :triumph: 
 ğŸš ; :trolleybus: 
 ğŸ† ; :trophy: 
 ğŸ¹ ; :tropical_drink: 
 ğŸ  ; :tropical_fish: 
 ğŸšš ; :truck: 
 ğŸº ; :trumpet: 
 ğŸŒ· ; :tulip: 
 ğŸ¥ƒ ; :tumbler_glass: 
 ğŸ¦ƒ ; :turkey: 
 ğŸ¢ ; :turtle: 
 ğŸ“º ; :tv: 
 ğŸ”€ ; :twisted_rightwards_arrows: 
 ğŸ’• ; :two_hearts: 
 ğŸ‘¬ ; :two_men_holding_hands: 
 ğŸ‘­ ; :two_women_holding_hands: 
 ğŸˆ¹ ; :u5272: 
 ğŸˆ´ ; :u5408: 
 ğŸˆº ; :u55b6: 
 ğŸˆ¯ ; :u6307: 
 ğŸˆ· ; :u6708: 
 ğŸˆ¶ ; :u6709: 
 ğŸˆµ ; :u6e80: 
 ğŸˆš ; :u7121: 
 ğŸˆ¸ ; :u7533: 
 ğŸˆ² ; :u7981: 
 ğŸˆ³ ; :u7a7a: 
 â˜‚ ; :umbrella2: 
 â˜” ; :umbrella: 
 ğŸ˜’ ; :unamused: 
 ğŸ” ; :underage: 
 ğŸ¦„ ; :unicorn: 
 ğŸ”“ ; :unlock: 
 ğŸ†™ ; :up: 
 ğŸ™ƒ ; :upside_down: 
 âš± ; :urn: 
 âœŒ ; :v: 
 ğŸ§› ; :vampire: 
 ğŸš¦ ; :vertical_traffic_light: 
 ğŸ“¼ ; :vhs: 
 ğŸ“³ ; :vibration_mode: 
 ğŸ“¹ ; :video_camera: 
 ğŸ® ; :video_game: 
 ğŸ» ; :violin: 
 â™ ; :virgo: 
 ğŸŒ‹ ; :volcano: 
 ğŸ ; :volleyball: 
 ğŸ†š ; :vs: 
 ğŸ–– ; :vulcan: 
 ğŸš¶ ; :walking: 
 ğŸŒ˜ ; :waning_crescent_moon: 
 ğŸŒ– ; :waning_gibbous_moon: 
 âš  ; :warning: 
 ğŸ—‘ ; :wastebasket: 
 âŒš ; :watch: 
 ğŸƒ ; :water_buffalo: 
 ğŸ¤½ ; :water_polo: 
 ğŸ‰ ; :watermelon: 
 ğŸ‘‹ ; :wave: 
 ã€° ; :wavy_dash: 
 ğŸŒ’ ; :waxing_crescent_moon: 
 ğŸŒ” ; :waxing_gibbous_moon: 
 ğŸš¾ ; :wc: 
 ğŸ˜© ; :weary: 
 ğŸ’’ ; :wedding: 
 ğŸ‹ ; :whale2: 
 ğŸ³ ; :whale: 
 â˜¸ ; :wheel_of_dharma: 
 â™¿ ; :wheelchair: 
 âœ… ; :white_check_mark: 
 âšª ; :white_circle: 
 ğŸ’® ; :white_flower: 
 ğŸ¦³ ; :white_haired: 
 â¬œ ; :white_large_square: 
 â—½ ; :white_medium_small_square: 
 â—» ; :white_medium_square: 
 â–« ; :white_small_square: 
 ğŸ”³ ; :white_square_button: 
 ğŸŒ¥ ; :white_sun_cloud: 
 ğŸŒ¦ ; :white_sun_rain_cloud: 
 ğŸŒ¤ ; :white_sun_small_cloud: 
 ğŸ¥€ ; :wilted_rose: 
 ğŸŒ¬ ; :wind_blowing_face: 
 ğŸ ; :wind_chime: 
 ğŸ· ; :wine_glass: 
 ğŸ˜‰ ; :wink: 
 ğŸº ; :wolf: 
 ğŸ‘© ; :woman: 
 ğŸ§• ; :woman_with_headscarf: 
 ğŸ‘š ; :womans_clothes: 
 ğŸ¥¿ ; :womans_flat_shoe: 
 ğŸ‘’ ; :womans_hat: 
 ğŸšº ; :womens: 
 ğŸ¥´ ; :woozy_face: 
 ğŸ˜Ÿ ; :worried: 
 ğŸ”§ ; :wrench: 
 ğŸ¤¼ ; :wrestlers: 
 âœ ; :writing_hand: 
 âŒ ; :x: 
 ğŸ§¶ ; :yarn: 
 ğŸ’› ; :yellow_heart: 
 ğŸ’´ ; :yen: 
 â˜¯ ; :yin_yang: 
 ğŸ˜‹ ; :yum: 
 ğŸ¤ª ; :zany_face: 
 âš¡ ; :zap: 
 ğŸ¦“ ; :zebra: 
 ğŸ¤ ; :zipper_mouth: 
 ğŸ§Ÿ ; :zombie: 
 ğŸ’¤ ; :zzz: 
 ğŸ§‘ğŸ» ; :adult_tone1: 
 ğŸ§‘ğŸ¼ ; :adult_tone2: 
 ğŸ§‘ğŸ½ ; :adult_tone3: 
 ğŸ§‘ğŸ¾ ; :adult_tone4: 
 ğŸ§‘ğŸ¿ ; :adult_tone5: 
 ğŸ‘¼ğŸ» ; :angel_tone1: 
 ğŸ‘¼ğŸ¼ ; :angel_tone2: 
 ğŸ‘¼ğŸ½ ; :angel_tone3: 
 ğŸ‘¼ğŸ¾ ; :angel_tone4: 
 ğŸ‘¼ğŸ¿ ; :angel_tone5: 
 ğŸ‘¶ğŸ» ; :baby_tone1: 
 ğŸ‘¶ğŸ¼ ; :baby_tone2: 
 ğŸ‘¶ğŸ½ ; :baby_tone3: 
 ğŸ‘¶ğŸ¾ ; :baby_tone4: 
 ğŸ‘¶ğŸ¿ ; :baby_tone5: 
 âš–ï¸ ; :balance_scale: 
 â›¹ï¸ ; :basketball_man: 
 â›¹ğŸ» ; :basketball_player_tone1: 
 â›¹ğŸ¼ ; :basketball_player_tone2: 
 â›¹ğŸ½ ; :basketball_player_tone3: 
 â›¹ğŸ¾ ; :basketball_player_tone4: 
 â›¹ğŸ¿ ; :basketball_player_tone5: 
 ğŸ›€ğŸ» ; :bath_tone1: 
 ğŸ›€ğŸ¼ ; :bath_tone2: 
 ğŸ›€ğŸ½ ; :bath_tone3: 
 ğŸ›€ğŸ¾ ; :bath_tone4: 
 ğŸ›€ğŸ¿ ; :bath_tone5: 
 ğŸ§”ğŸ» ; :bearded_person_tone1: 
 ğŸ§”ğŸ¼ ; :bearded_person_tone2: 
 ğŸ§”ğŸ½ ; :bearded_person_tone3: 
 ğŸ§”ğŸ¾ ; :bearded_person_tone4: 
 ğŸ§”ğŸ¿ ; :bearded_person_tone5: 
 ğŸš´ğŸ» ; :bicyclist_tone1: 
 ğŸš´ğŸ¼ ; :bicyclist_tone2: 
 ğŸš´ğŸ½ ; :bicyclist_tone3: 
 ğŸš´ğŸ¾ ; :bicyclist_tone4: 
 ğŸš´ğŸ¿ ; :bicyclist_tone5: 
 â›µï¸ ; :boat: 
 ğŸ™‡ğŸ» ; :bow_tone1: 
 ğŸ™‡ğŸ¼ ; :bow_tone2: 
 ğŸ™‡ğŸ½ ; :bow_tone3: 
 ğŸ™‡ğŸ¾ ; :bow_tone4: 
 ğŸ™‡ğŸ¿ ; :bow_tone5: 
 ğŸ‘¦ğŸ» ; :boy_tone1: 
 ğŸ‘¦ğŸ¼ ; :boy_tone2: 
 ğŸ‘¦ğŸ½ ; :boy_tone3: 
 ğŸ‘¦ğŸ¾ ; :boy_tone4: 
 ğŸ‘¦ğŸ¿ ; :boy_tone5: 
 ğŸ¤±ğŸ» ; :breast_feeding_tone1: 
 ğŸ¤±ğŸ¼ ; :breast_feeding_tone2: 
 ğŸ¤±ğŸ½ ; :breast_feeding_tone3: 
 ğŸ¤±ğŸ¾ ; :breast_feeding_tone4: 
 ğŸ¤±ğŸ¿ ; :breast_feeding_tone5: 
 ğŸ‘°ğŸ» ; :bride_with_veil_tone1: 
 ğŸ‘°ğŸ¼ ; :bride_with_veil_tone2: 
 ğŸ‘°ğŸ½ ; :bride_with_veil_tone3: 
 ğŸ‘°ğŸ¾ ; :bride_with_veil_tone4: 
 ğŸ‘°ğŸ¿ ; :bride_with_veil_tone5: 
 ğŸ¤™ğŸ» ; :call_me_tone1: 
 ğŸ¤™ğŸ¼ ; :call_me_tone2: 
 ğŸ¤™ğŸ½ ; :call_me_tone3: 
 ğŸ¤™ğŸ¾ ; :call_me_tone4: 
 ğŸ¤™ğŸ¿ ; :call_me_tone5: 
 ğŸ¤¸ğŸ» ; :cartwheel_tone1: 
 ğŸ¤¸ğŸ¼ ; :cartwheel_tone2: 
 ğŸ¤¸ğŸ½ ; :cartwheel_tone3: 
 ğŸ¤¸ğŸ¾ ; :cartwheel_tone4: 
 ğŸ¤¸ğŸ¿ ; :cartwheel_tone5: 
 â™Ÿï¸ ; :chess_pawn: 
 ğŸ§’ğŸ» ; :child_tone1: 
 ğŸ§’ğŸ¼ ; :child_tone2: 
 ğŸ§’ğŸ½ ; :child_tone3: 
 ğŸ§’ğŸ¾ ; :child_tone4: 
 ğŸ§’ğŸ¿ ; :child_tone5: 
 ğŸ‘ğŸ» ; :clap_tone1: 
 ğŸ‘ğŸ¼ ; :clap_tone2: 
 ğŸ‘ğŸ½ ; :clap_tone3: 
 ğŸ‘ğŸ¾ ; :clap_tone4: 
 ğŸ‘ğŸ¿ ; :clap_tone5: 
 ğŸ‘·ğŸ» ; :construction_worker_tone1: 
 ğŸ‘·ğŸ¼ ; :construction_worker_tone2: 
 ğŸ‘·ğŸ½ ; :construction_worker_tone3: 
 ğŸ‘·ğŸ¾ ; :construction_worker_tone4: 
 ğŸ‘·ğŸ¿ ; :construction_worker_tone5: 
 ğŸ‘®ğŸ» ; :cop_tone1: 
 ğŸ‘®ğŸ¼ ; :cop_tone2: 
 ğŸ‘®ğŸ½ ; :cop_tone3: 
 ğŸ‘®ğŸ¾ ; :cop_tone4: 
 ğŸ‘®ğŸ¿ ; :cop_tone5: 
 ğŸ’ƒğŸ» ; :dancer_tone1: 
 ğŸ’ƒğŸ¼ ; :dancer_tone2: 
 ğŸ’ƒğŸ½ ; :dancer_tone3: 
 ğŸ’ƒğŸ¾ ; :dancer_tone4: 
 ğŸ’ƒğŸ¿ ; :dancer_tone5: 
 ğŸ‘‚ğŸ» ; :ear_tone1: 
 ğŸ‘‚ğŸ¼ ; :ear_tone2: 
 ğŸ‘‚ğŸ½ ; :ear_tone3: 
 ğŸ‘‚ğŸ¾ ; :ear_tone4: 
 ğŸ‘‚ğŸ¿ ; :ear_tone5: 
 ğŸ§ğŸ» ; :elf_tone1: 
 ğŸ§ğŸ¼ ; :elf_tone2: 
 ğŸ§ğŸ½ ; :elf_tone3: 
 ğŸ§ğŸ¾ ; :elf_tone4: 
 ğŸ§ğŸ¿ ; :elf_tone5: 
 ğŸ¤¦ğŸ» ; :face_palm_tone1: 
 ğŸ¤¦ğŸ¼ ; :face_palm_tone2: 
 ğŸ¤¦ğŸ½ ; :face_palm_tone3: 
 ğŸ¤¦ğŸ¾ ; :face_palm_tone4: 
 ğŸ¤¦ğŸ¿ ; :face_palm_tone5: 
 ğŸ§šğŸ» ; :fairy_tone1: 
 ğŸ§šğŸ¼ ; :fairy_tone2: 
 ğŸ§šğŸ½ ; :fairy_tone3: 
 ğŸ§šğŸ¾ ; :fairy_tone4: 
 ğŸ§šğŸ¿ ; :fairy_tone5: 
 ğŸ¤ğŸ» ; :fingers_crossed_tone1: 
 ğŸ¤ğŸ¼ ; :fingers_crossed_tone2: 
 ğŸ¤ğŸ½ ; :fingers_crossed_tone3: 
 ğŸ¤ğŸ¾ ; :fingers_crossed_tone4: 
 ğŸ¤ğŸ¿ ; :fingers_crossed_tone5: 
 âœŠğŸ» ; :fist_tone1: 
 âœŠğŸ¼ ; :fist_tone2: 
 âœŠğŸ½ ; :fist_tone3: 
 âœŠğŸ¾ ; :fist_tone4: 
 âœŠğŸ¿ ; :fist_tone5: 
 ğŸ‡¦ğŸ‡¨ ; :flag_ac: 
 ğŸ‡¦ğŸ‡© ; :flag_ad: 
 ğŸ‡¦ğŸ‡ª ; :flag_ae: 
 ğŸ‡¦ğŸ‡« ; :flag_af: 
 ğŸ‡¦ğŸ‡¬ ; :flag_ag: 
 ğŸ‡¦ğŸ‡® ; :flag_ai: 
 ğŸ‡¦ğŸ‡± ; :flag_al: 
 ğŸ‡¦ğŸ‡² ; :flag_am: 
 ğŸ‡¦ğŸ‡´ ; :flag_ao: 
 ğŸ‡¦ğŸ‡¶ ; :flag_aq: 
 ğŸ‡¦ğŸ‡· ; :flag_ar: 
 ğŸ‡¦ğŸ‡¸ ; :flag_as: 
 ğŸ‡¦ğŸ‡¹ ; :flag_at: 
 ğŸ‡¦ğŸ‡º ; :flag_au: 
 ğŸ‡¦ğŸ‡¼ ; :flag_aw: 
 ğŸ‡¦ğŸ‡½ ; :flag_ax: 
 ğŸ‡¦ğŸ‡¿ ; :flag_az: 
 ğŸ‡§ğŸ‡¦ ; :flag_ba: 
 ğŸ‡§ğŸ‡§ ; :flag_bb: 
 ğŸ‡§ğŸ‡© ; :flag_bd: 
 ğŸ‡§ğŸ‡ª ; :flag_be: 
 ğŸ‡§ğŸ‡« ; :flag_bf: 
 ğŸ‡§ğŸ‡¬ ; :flag_bg: 
 ğŸ‡§ğŸ‡­ ; :flag_bh: 
 ğŸ‡§ğŸ‡® ; :flag_bi: 
 ğŸ‡§ğŸ‡¯ ; :flag_bj: 
 ğŸ‡§ğŸ‡± ; :flag_bl: 
 ğŸ‡§ğŸ‡² ; :flag_bm: 
 ğŸ‡§ğŸ‡³ ; :flag_bn: 
 ğŸ‡§ğŸ‡´ ; :flag_bo: 
 ğŸ‡§ğŸ‡¶ ; :flag_bq: 
 ğŸ‡§ğŸ‡· ; :flag_br: 
 ğŸ‡§ğŸ‡¸ ; :flag_bs: 
 ğŸ‡§ğŸ‡¹ ; :flag_bt: 
 ğŸ‡§ğŸ‡» ; :flag_bv: 
 ğŸ‡§ğŸ‡¼ ; :flag_bw: 
 ğŸ‡§ğŸ‡¾ ; :flag_by: 
 ğŸ‡§ğŸ‡¿ ; :flag_bz: 
 ğŸ‡¨ğŸ‡¦ ; :flag_ca: 
 ğŸ‡¨ğŸ‡¨ ; :flag_cc: 
 ğŸ‡¨ğŸ‡© ; :flag_cd: 
 ğŸ‡¨ğŸ‡« ; :flag_cf: 
 ğŸ‡¨ğŸ‡¬ ; :flag_cg: 
 ğŸ‡¨ğŸ‡­ ; :flag_ch: 
 ğŸ‡¨ğŸ‡® ; :flag_ci: 
 ğŸ‡¨ğŸ‡° ; :flag_ck: 
 ğŸ‡¨ğŸ‡± ; :flag_cl: 
 ğŸ‡¨ğŸ‡² ; :flag_cm: 
 ğŸ‡¨ğŸ‡³ ; :flag_cn: 
 ğŸ‡¨ğŸ‡´ ; :flag_co: 
 ğŸ‡¨ğŸ‡µ ; :flag_cp: 
 ğŸ‡¨ğŸ‡· ; :flag_cr: 
 ğŸ‡¨ğŸ‡º ; :flag_cu: 
 ğŸ‡¨ğŸ‡» ; :flag_cv: 
 ğŸ‡¨ğŸ‡¼ ; :flag_cw: 
 ğŸ‡¨ğŸ‡½ ; :flag_cx: 
 ğŸ‡¨ğŸ‡¾ ; :flag_cy: 
 ğŸ‡¨ğŸ‡¿ ; :flag_cz: 
 ğŸ‡©ğŸ‡ª ; :flag_de: 
 ğŸ‡©ğŸ‡¬ ; :flag_dg: 
 ğŸ‡©ğŸ‡¯ ; :flag_dj: 
 ğŸ‡©ğŸ‡° ; :flag_dk: 
 ğŸ‡©ğŸ‡² ; :flag_dm: 
 ğŸ‡©ğŸ‡´ ; :flag_do: 
 ğŸ‡©ğŸ‡¿ ; :flag_dz: 
 ğŸ‡ªğŸ‡¦ ; :flag_ea: 
 ğŸ‡ªğŸ‡¨ ; :flag_ec: 
 ğŸ‡ªğŸ‡ª ; :flag_ee: 
 ğŸ‡ªğŸ‡¬ ; :flag_eg: 
 ğŸ‡ªğŸ‡­ ; :flag_eh: 
 ğŸ‡ªğŸ‡· ; :flag_er: 
 ğŸ‡ªğŸ‡¸ ; :flag_es: 
 ğŸ‡ªğŸ‡¹ ; :flag_et: 
 ğŸ‡ªğŸ‡º ; :flag_eu: 
 ğŸ‡«ğŸ‡® ; :flag_fi: 
 ğŸ‡«ğŸ‡¯ ; :flag_fj: 
 ğŸ‡«ğŸ‡° ; :flag_fk: 
 ğŸ‡«ğŸ‡² ; :flag_fm: 
 ğŸ‡«ğŸ‡´ ; :flag_fo: 
 ğŸ‡«ğŸ‡· ; :flag_fr: 
 ğŸ‡¬ğŸ‡¦ ; :flag_ga: 
 ğŸ‡¬ğŸ‡§ ; :flag_gb: 
 ğŸ‡¬ğŸ‡© ; :flag_gd: 
 ğŸ‡¬ğŸ‡ª ; :flag_ge: 
 ğŸ‡¬ğŸ‡« ; :flag_gf: 
 ğŸ‡¬ğŸ‡¬ ; :flag_gg: 
 ğŸ‡¬ğŸ‡­ ; :flag_gh: 
 ğŸ‡¬ğŸ‡® ; :flag_gi: 
 ğŸ‡¬ğŸ‡± ; :flag_gl: 
 ğŸ‡¬ğŸ‡² ; :flag_gm: 
 ğŸ‡¬ğŸ‡³ ; :flag_gn: 
 ğŸ‡¬ğŸ‡µ ; :flag_gp: 
 ğŸ‡¬ğŸ‡¶ ; :flag_gq: 
 ğŸ‡¬ğŸ‡· ; :flag_gr: 
 ğŸ‡¬ğŸ‡¸ ; :flag_gs: 
 ğŸ‡¬ğŸ‡¹ ; :flag_gt: 
 ğŸ‡¬ğŸ‡º ; :flag_gu: 
 ğŸ‡¬ğŸ‡¼ ; :flag_gw: 
 ğŸ‡¬ğŸ‡¾ ; :flag_gy: 
 ğŸ‡­ğŸ‡° ; :flag_hk: 
 ğŸ‡­ğŸ‡² ; :flag_hm: 
 ğŸ‡­ğŸ‡³ ; :flag_hn: 
 ğŸ‡­ğŸ‡· ; :flag_hr: 
 ğŸ‡­ğŸ‡¹ ; :flag_ht: 
 ğŸ‡­ğŸ‡º ; :flag_hu: 
 ğŸ‡®ğŸ‡¨ ; :flag_ic: 
 ğŸ‡®ğŸ‡© ; :flag_id: 
 ğŸ‡®ğŸ‡ª ; :flag_ie: 
 ğŸ‡®ğŸ‡± ; :flag_il: 
 ğŸ‡®ğŸ‡² ; :flag_im: 
 ğŸ‡®ğŸ‡³ ; :flag_in: 
 ğŸ‡®ğŸ‡´ ; :flag_io: 
 ğŸ‡®ğŸ‡¶ ; :flag_iq: 
 ğŸ‡®ğŸ‡· ; :flag_ir: 
 ğŸ‡®ğŸ‡¸ ; :flag_is: 
 ğŸ‡®ğŸ‡¹ ; :flag_it: 
 ğŸ‡¯ğŸ‡ª ; :flag_je: 
 ğŸ‡¯ğŸ‡² ; :flag_jm: 
 ğŸ‡¯ğŸ‡´ ; :flag_jo: 
 ğŸ‡¯ğŸ‡µ ; :flag_jp: 
 ğŸ‡°ğŸ‡ª ; :flag_ke: 
 ğŸ‡°ğŸ‡¬ ; :flag_kg: 
 ğŸ‡°ğŸ‡­ ; :flag_kh: 
 ğŸ‡°ğŸ‡® ; :flag_ki: 
 ğŸ‡°ğŸ‡² ; :flag_km: 
 ğŸ‡°ğŸ‡³ ; :flag_kn: 
 ğŸ‡°ğŸ‡µ ; :flag_kp: 
 ğŸ‡°ğŸ‡· ; :flag_kr: 
 ğŸ‡°ğŸ‡¼ ; :flag_kw: 
 ğŸ‡°ğŸ‡¾ ; :flag_ky: 
 ğŸ‡°ğŸ‡¿ ; :flag_kz: 
 ğŸ‡±ğŸ‡¦ ; :flag_la: 
 ğŸ‡±ğŸ‡§ ; :flag_lb: 
 ğŸ‡±ğŸ‡¨ ; :flag_lc: 
 ğŸ‡±ğŸ‡® ; :flag_li: 
 ğŸ‡±ğŸ‡° ; :flag_lk: 
 ğŸ‡±ğŸ‡· ; :flag_lr: 
 ğŸ‡±ğŸ‡¸ ; :flag_ls: 
 ğŸ‡±ğŸ‡¹ ; :flag_lt: 
 ğŸ‡±ğŸ‡º ; :flag_lu: 
 ğŸ‡±ğŸ‡» ; :flag_lv: 
 ğŸ‡±ğŸ‡¾ ; :flag_ly: 
 ğŸ‡²ğŸ‡¦ ; :flag_ma: 
 ğŸ‡²ğŸ‡¨ ; :flag_mc: 
 ğŸ‡²ğŸ‡© ; :flag_md: 
 ğŸ‡²ğŸ‡ª ; :flag_me: 
 ğŸ‡²ğŸ‡« ; :flag_mf: 
 ğŸ‡²ğŸ‡¬ ; :flag_mg: 
 ğŸ‡²ğŸ‡­ ; :flag_mh: 
 ğŸ‡²ğŸ‡° ; :flag_mk: 
 ğŸ‡²ğŸ‡± ; :flag_ml: 
 ğŸ‡²ğŸ‡² ; :flag_mm: 
 ğŸ‡²ğŸ‡³ ; :flag_mn: 
 ğŸ‡²ğŸ‡´ ; :flag_mo: 
 ğŸ‡²ğŸ‡µ ; :flag_mp: 
 ğŸ‡²ğŸ‡¶ ; :flag_mq: 
 ğŸ‡²ğŸ‡· ; :flag_mr: 
 ğŸ‡²ğŸ‡¸ ; :flag_ms: 
 ğŸ‡²ğŸ‡¹ ; :flag_mt: 
 ğŸ‡²ğŸ‡º ; :flag_mu: 
 ğŸ‡²ğŸ‡» ; :flag_mv: 
 ğŸ‡²ğŸ‡¼ ; :flag_mw: 
 ğŸ‡²ğŸ‡½ ; :flag_mx: 
 ğŸ‡²ğŸ‡¾ ; :flag_my: 
 ğŸ‡²ğŸ‡¿ ; :flag_mz: 
 ğŸ‡³ğŸ‡¦ ; :flag_na: 
 ğŸ‡³ğŸ‡¨ ; :flag_nc: 
 ğŸ‡³ğŸ‡ª ; :flag_ne: 
 ğŸ‡³ğŸ‡« ; :flag_nf: 
 ğŸ‡³ğŸ‡¬ ; :flag_ng: 
 ğŸ‡³ğŸ‡® ; :flag_ni: 
 ğŸ‡³ğŸ‡± ; :flag_nl: 
 ğŸ‡³ğŸ‡´ ; :flag_no: 
 ğŸ‡³ğŸ‡µ ; :flag_np: 
 ğŸ‡³ğŸ‡· ; :flag_nr: 
 ğŸ‡³ğŸ‡º ; :flag_nu: 
 ğŸ‡³ğŸ‡¿ ; :flag_nz: 
 ğŸ‡´ğŸ‡² ; :flag_om: 
 ğŸ‡µğŸ‡¦ ; :flag_pa: 
 ğŸ‡µğŸ‡ª ; :flag_pe: 
 ğŸ‡µğŸ‡« ; :flag_pf: 
 ğŸ‡µğŸ‡¬ ; :flag_pg: 
 ğŸ‡µğŸ‡­ ; :flag_ph: 
 ğŸ‡µğŸ‡° ; :flag_pk: 
 ğŸ‡µğŸ‡± ; :flag_pl: 
 ğŸ‡µğŸ‡² ; :flag_pm: 
 ğŸ‡µğŸ‡³ ; :flag_pn: 
 ğŸ‡µğŸ‡· ; :flag_pr: 
 ğŸ‡µğŸ‡¸ ; :flag_ps: 
 ğŸ‡µğŸ‡¹ ; :flag_pt: 
 ğŸ‡µğŸ‡¼ ; :flag_pw: 
 ğŸ‡µğŸ‡¾ ; :flag_py: 
 ğŸ‡¶ğŸ‡¦ ; :flag_qa: 
 ğŸ‡·ğŸ‡ª ; :flag_re: 
 ğŸ‡·ğŸ‡´ ; :flag_ro: 
 ğŸ‡·ğŸ‡¸ ; :flag_rs: 
 ğŸ‡·ğŸ‡º ; :flag_ru: 
 ğŸ‡·ğŸ‡¼ ; :flag_rw: 
 ğŸ‡¸ğŸ‡¦ ; :flag_sa: 
 ğŸ‡¸ğŸ‡§ ; :flag_sb: 
 ğŸ‡¸ğŸ‡¨ ; :flag_sc: 
 ğŸ‡¸ğŸ‡© ; :flag_sd: 
 ğŸ‡¸ğŸ‡ª ; :flag_se: 
 ğŸ‡¸ğŸ‡¬ ; :flag_sg: 
 ğŸ‡¸ğŸ‡­ ; :flag_sh: 
 ğŸ‡¸ğŸ‡® ; :flag_si: 
 ğŸ‡¸ğŸ‡¯ ; :flag_sj: 
 ğŸ‡¸ğŸ‡° ; :flag_sk: 
 ğŸ‡¸ğŸ‡± ; :flag_sl: 
 ğŸ‡¸ğŸ‡² ; :flag_sm: 
 ğŸ‡¸ğŸ‡³ ; :flag_sn: 
 ğŸ‡¸ğŸ‡´ ; :flag_so: 
 ğŸ‡¸ğŸ‡· ; :flag_sr: 
 ğŸ‡¸ğŸ‡¸ ; :flag_ss: 
 ğŸ‡¸ğŸ‡¹ ; :flag_st: 
 ğŸ‡¸ğŸ‡» ; :flag_sv: 
 ğŸ‡¸ğŸ‡½ ; :flag_sx: 
 ğŸ‡¸ğŸ‡¾ ; :flag_sy: 
 ğŸ‡¸ğŸ‡¿ ; :flag_sz: 
 ğŸ‡¹ğŸ‡¦ ; :flag_ta: 
 ğŸ‡¹ğŸ‡¨ ; :flag_tc: 
 ğŸ‡¹ğŸ‡© ; :flag_td: 
 ğŸ‡¹ğŸ‡« ; :flag_tf: 
 ğŸ‡¹ğŸ‡¬ ; :flag_tg: 
 ğŸ‡¹ğŸ‡­ ; :flag_th: 
 ğŸ‡¹ğŸ‡¯ ; :flag_tj: 
 ğŸ‡¹ğŸ‡° ; :flag_tk: 
 ğŸ‡¹ğŸ‡± ; :flag_tl: 
 ğŸ‡¹ğŸ‡² ; :flag_tm: 
 ğŸ‡¹ğŸ‡³ ; :flag_tn: 
 ğŸ‡¹ğŸ‡´ ; :flag_to: 
 ğŸ‡¹ğŸ‡· ; :flag_tr: 
 ğŸ‡¹ğŸ‡¹ ; :flag_tt: 
 ğŸ‡¹ğŸ‡» ; :flag_tv: 
 ğŸ‡¹ğŸ‡¼ ; :flag_tw: 
 ğŸ‡¹ğŸ‡¿ ; :flag_tz: 
 ğŸ‡ºğŸ‡¦ ; :flag_ua: 
 ğŸ‡ºğŸ‡¬ ; :flag_ug: 
 ğŸ‡ºğŸ‡² ; :flag_um: 
 ğŸ‡ºğŸ‡¸ ; :flag_us: 
 ğŸ‡ºğŸ‡¾ ; :flag_uy: 
 ğŸ‡ºğŸ‡¿ ; :flag_uz: 
 ğŸ‡»ğŸ‡¦ ; :flag_va: 
 ğŸ‡»ğŸ‡¨ ; :flag_vc: 
 ğŸ‡»ğŸ‡ª ; :flag_ve: 
 ğŸ‡»ğŸ‡¬ ; :flag_vg: 
 ğŸ‡»ğŸ‡® ; :flag_vi: 
 ğŸ‡»ğŸ‡³ ; :flag_vn: 
 ğŸ‡»ğŸ‡º ; :flag_vu: 
 ğŸ‡¼ğŸ‡« ; :flag_wf: 
 ğŸ‡¼ğŸ‡¸ ; :flag_ws: 
 ğŸ‡½ğŸ‡° ; :flag_xk: 
 ğŸ‡¾ğŸ‡ª ; :flag_ye: 
 ğŸ‡¾ğŸ‡¹ ; :flag_yt: 
 ğŸ‡¿ğŸ‡¦ ; :flag_za: 
 ğŸ‡¿ğŸ‡² ; :flag_zm: 
 ğŸ‡¿ğŸ‡¼ ; :flag_zw: 
 âšœï¸ ; :fleur_de_lis: 
 ğŸ¦¶ğŸ» ; :foot_tone1: 
 ğŸ¦¶ğŸ¼ ; :foot_tone2: 
 ğŸ¦¶ğŸ½ ; :foot_tone3: 
 ğŸ¦¶ğŸ¾ ; :foot_tone4: 
 ğŸ¦¶ğŸ¿ ; :foot_tone5: 
 â˜¹ï¸ ; :frowning_face: 
 ğŸ³ğŸŒˆ ; :gay_pride_flag: 
 ğŸ‘§ğŸ» ; :girl_tone1: 
 ğŸ‘§ğŸ¼ ; :girl_tone2: 
 ğŸ‘§ğŸ½ ; :girl_tone3: 
 ğŸ‘§ğŸ¾ ; :girl_tone4: 
 ğŸ‘§ğŸ¿ ; :girl_tone5: 
 ğŸŒï¸ ; :golfing_man: 
 ğŸ’‚ğŸ» ; :guardsman_tone1: 
 ğŸ’‚ğŸ¼ ; :guardsman_tone2: 
 ğŸ’‚ğŸ½ ; :guardsman_tone3: 
 ğŸ’‚ğŸ¾ ; :guardsman_tone4: 
 ğŸ’‚ğŸ¿ ; :guardsman_tone5: 
 ğŸ’‡ğŸ» ; :haircut_tone1: 
 ğŸ’‡ğŸ¼ ; :haircut_tone2: 
 ğŸ’‡ğŸ½ ; :haircut_tone3: 
 ğŸ’‡ğŸ¾ ; :haircut_tone4: 
 ğŸ’‡ğŸ¿ ; :haircut_tone5: 
 ğŸ–ğŸ» ; :hand_splayed_tone1: 
 ğŸ–ğŸ¼ ; :hand_splayed_tone2: 
 ğŸ–ğŸ½ ; :hand_splayed_tone3: 
 ğŸ–ğŸ¾ ; :hand_splayed_tone4: 
 ğŸ–ğŸ¿ ; :hand_splayed_tone5: 
 ğŸ¤¾ğŸ» ; :handball_tone1: 
 ğŸ¤¾ğŸ¼ ; :handball_tone2: 
 ğŸ¤¾ğŸ½ ; :handball_tone3: 
 ğŸ¤¾ğŸ¾ ; :handball_tone4: 
 ğŸ¤¾ğŸ¿ ; :handball_tone5: 
 â£ï¸ ; :heavy_heart_exclamation: 
 ğŸ‡ğŸ» ; :horse_racing_tone1: 
 ğŸ‡ğŸ¼ ; :horse_racing_tone2: 
 ğŸ‡ğŸ½ ; :horse_racing_tone3: 
 ğŸ‡ğŸ¾ ; :horse_racing_tone4: 
 ğŸ‡ğŸ¿ ; :horse_racing_tone5: 
 â™¾ï¸ ; :infinity: 
 ğŸ’ğŸ» ; :information_desk_person_tone1: 
 ğŸ’ğŸ¼ ; :information_desk_person_tone2: 
 ğŸ’ğŸ½ ; :information_desk_person_tone3: 
 ğŸ’ğŸ¾ ; :information_desk_person_tone4: 
 ğŸ’ğŸ¿ ; :information_desk_person_tone5: 
 ğŸ¤¹ğŸ» ; :juggling_tone1: 
 ğŸ¤¹ğŸ¼ ; :juggling_tone2: 
 ğŸ¤¹ğŸ½ ; :juggling_tone3: 
 ğŸ¤¹ğŸ¾ ; :juggling_tone4: 
 ğŸ¤¹ğŸ¿ ; :juggling_tone5: 
 ğŸ¤›ğŸ» ; :left_facing_fist_tone1: 
 ğŸ¤›ğŸ¼ ; :left_facing_fist_tone2: 
 ğŸ¤›ğŸ½ ; :left_facing_fist_tone3: 
 ğŸ¤›ğŸ¾ ; :left_facing_fist_tone4: 
 ğŸ¤›ğŸ¿ ; :left_facing_fist_tone5: 
 ğŸ¦µğŸ» ; :leg_tone1: 
 ğŸ¦µğŸ¼ ; :leg_tone2: 
 ğŸ¦µğŸ½ ; :leg_tone3: 
 ğŸ¦µğŸ¾ ; :leg_tone4: 
 ğŸ¦µğŸ¿ ; :leg_tone5: 
 ğŸ•´ğŸ» ; :levitate_tone1: 
 ğŸ•´ğŸ¼ ; :levitate_tone2: 
 ğŸ•´ğŸ½ ; :levitate_tone3: 
 ğŸ•´ğŸ¾ ; :levitate_tone4: 
 ğŸ•´ğŸ¿ ; :levitate_tone5: 
 ğŸ‹ğŸ» ; :lifter_tone1: 
 ğŸ‹ğŸ¼ ; :lifter_tone2: 
 ğŸ‹ğŸ½ ; :lifter_tone3: 
 ğŸ‹ğŸ¾ ; :lifter_tone4: 
 ğŸ‹ğŸ¿ ; :lifter_tone5: 
 ğŸ¤ŸğŸ» ; :love_you_gesture_tone1: 
 ğŸ¤ŸğŸ¼ ; :love_you_gesture_tone2: 
 ğŸ¤ŸğŸ½ ; :love_you_gesture_tone3: 
 ğŸ¤ŸğŸ¾ ; :love_you_gesture_tone4: 
 ğŸ¤ŸğŸ¿ ; :love_you_gesture_tone5: 
 ğŸ§™ğŸ» ; :mage_tone1: 
 ğŸ§™ğŸ¼ ; :mage_tone2: 
 ğŸ§™ğŸ½ ; :mage_tone3: 
 ğŸ§™ğŸ¾ ; :mage_tone4: 
 ğŸ§™ğŸ¿ ; :mage_tone5: 
 ğŸ•µï¸ ; :male_detective: 
 ğŸ•ºğŸ» ; :man_dancing_tone1: 
 ğŸ•ºğŸ¼ ; :man_dancing_tone2: 
 ğŸ•ºğŸ½ ; :man_dancing_tone3: 
 ğŸ•ºğŸ¾ ; :man_dancing_tone4: 
 ğŸ•ºğŸ¿ ; :man_dancing_tone5: 
 ğŸ¤µğŸ» ; :man_in_tuxedo_tone1: 
 ğŸ¤µğŸ¼ ; :man_in_tuxedo_tone2: 
 ğŸ¤µğŸ½ ; :man_in_tuxedo_tone3: 
 ğŸ¤µğŸ¾ ; :man_in_tuxedo_tone4: 
 ğŸ¤µğŸ¿ ; :man_in_tuxedo_tone5: 
 ğŸ‘¨ğŸ» ; :man_tone1: 
 ğŸ‘¨ğŸ¼ ; :man_tone2: 
 ğŸ‘¨ğŸ½ ; :man_tone3: 
 ğŸ‘¨ğŸ¾ ; :man_tone4: 
 ğŸ‘¨ğŸ¿ ; :man_tone5: 
 ğŸ‘²ğŸ» ; :man_with_gua_pi_mao_tone1: 
 ğŸ‘²ğŸ¼ ; :man_with_gua_pi_mao_tone2: 
 ğŸ‘²ğŸ½ ; :man_with_gua_pi_mao_tone3: 
 ğŸ‘²ğŸ¾ ; :man_with_gua_pi_mao_tone4: 
 ğŸ‘²ğŸ¿ ; :man_with_gua_pi_mao_tone5: 
 ğŸ‘³ğŸ» ; :man_with_turban_tone1: 
 ğŸ‘³ğŸ¼ ; :man_with_turban_tone2: 
 ğŸ‘³ğŸ½ ; :man_with_turban_tone3: 
 ğŸ‘³ğŸ¾ ; :man_with_turban_tone4: 
 ğŸ‘³ğŸ¿ ; :man_with_turban_tone5: 
 ğŸ’†ğŸ» ; :massage_tone1: 
 ğŸ’†ğŸ¼ ; :massage_tone2: 
 ğŸ’†ğŸ½ ; :massage_tone3: 
 ğŸ’†ğŸ¾ ; :massage_tone4: 
 ğŸ’†ğŸ¿ ; :massage_tone5: 
 ğŸ§œğŸ» ; :merperson_tone1: 
 ğŸ§œğŸ¼ ; :merperson_tone2: 
 ğŸ§œğŸ½ ; :merperson_tone3: 
 ğŸ§œğŸ¾ ; :merperson_tone4: 
 ğŸ§œğŸ¿ ; :merperson_tone5: 
 ğŸ¤˜ğŸ» ; :metal_tone1: 
 ğŸ¤˜ğŸ¼ ; :metal_tone2: 
 ğŸ¤˜ğŸ½ ; :metal_tone3: 
 ğŸ¤˜ğŸ¾ ; :metal_tone4: 
 ğŸ¤˜ğŸ¿ ; :metal_tone5: 
 ğŸ–•ğŸ» ; :middle_finger_tone1: 
 ğŸ–•ğŸ¼ ; :middle_finger_tone2: 
 ğŸ–•ğŸ½ ; :middle_finger_tone3: 
 ğŸ–•ğŸ¾ ; :middle_finger_tone4: 
 ğŸ–•ğŸ¿ ; :middle_finger_tone5: 
 ğŸšµğŸ» ; :mountain_bicyclist_tone1: 
 ğŸšµğŸ¼ ; :mountain_bicyclist_tone2: 
 ğŸšµğŸ½ ; :mountain_bicyclist_tone3: 
 ğŸšµğŸ¾ ; :mountain_bicyclist_tone4: 
 ğŸšµğŸ¿ ; :mountain_bicyclist_tone5: 
 ğŸ¤¶ğŸ» ; :mrs_claus_tone1: 
 ğŸ¤¶ğŸ¼ ; :mrs_claus_tone2: 
 ğŸ¤¶ğŸ½ ; :mrs_claus_tone3: 
 ğŸ¤¶ğŸ¾ ; :mrs_claus_tone4: 
 ğŸ¤¶ğŸ¿ ; :mrs_claus_tone5: 
 ğŸ’ªğŸ» ; :muscle_tone1: 
 ğŸ’ªğŸ¼ ; :muscle_tone2: 
 ğŸ’ªğŸ½ ; :muscle_tone3: 
 ğŸ’ªğŸ¾ ; :muscle_tone4: 
 ğŸ’ªğŸ¿ ; :muscle_tone5: 
 ğŸ’…ğŸ» ; :nail_care_tone1: 
 ğŸ’…ğŸ¼ ; :nail_care_tone2: 
 ğŸ’…ğŸ½ ; :nail_care_tone3: 
 ğŸ’…ğŸ¾ ; :nail_care_tone4: 
 ğŸ’…ğŸ¿ ; :nail_care_tone5: 
 ğŸ™…ğŸ» ; :no_good_tone1: 
 ğŸ™…ğŸ¼ ; :no_good_tone2: 
 ğŸ™…ğŸ½ ; :no_good_tone3: 
 ğŸ™…ğŸ¾ ; :no_good_tone4: 
 ğŸ™…ğŸ¿ ; :no_good_tone5: 
 ğŸ‘ƒğŸ» ; :nose_tone1: 
 ğŸ‘ƒğŸ¼ ; :nose_tone2: 
 ğŸ‘ƒğŸ½ ; :nose_tone3: 
 ğŸ‘ƒğŸ¾ ; :nose_tone4: 
 ğŸ‘ƒğŸ¿ ; :nose_tone5: 
 ğŸ‘ŒğŸ» ; :ok_hand_tone1: 
 ğŸ‘ŒğŸ¼ ; :ok_hand_tone2: 
 ğŸ‘ŒğŸ½ ; :ok_hand_tone3: 
 ğŸ‘ŒğŸ¾ ; :ok_hand_tone4: 
 ğŸ‘ŒğŸ¿ ; :ok_hand_tone5: 
 ğŸ™†ğŸ» ; :ok_woman_tone1: 
 ğŸ™†ğŸ¼ ; :ok_woman_tone2: 
 ğŸ™†ğŸ½ ; :ok_woman_tone3: 
 ğŸ™†ğŸ¾ ; :ok_woman_tone4: 
 ğŸ™†ğŸ¿ ; :ok_woman_tone5: 
 ğŸ§“ğŸ» ; :older_adult_tone1: 
 ğŸ§“ğŸ¼ ; :older_adult_tone2: 
 ğŸ§“ğŸ½ ; :older_adult_tone3: 
 ğŸ§“ğŸ¾ ; :older_adult_tone4: 
 ğŸ§“ğŸ¿ ; :older_adult_tone5: 
 ğŸ‘´ğŸ» ; :older_man_tone1: 
 ğŸ‘´ğŸ¼ ; :older_man_tone2: 
 ğŸ‘´ğŸ½ ; :older_man_tone3: 
 ğŸ‘´ğŸ¾ ; :older_man_tone4: 
 ğŸ‘´ğŸ¿ ; :older_man_tone5: 
 ğŸ‘µğŸ» ; :older_woman_tone1: 
 ğŸ‘µğŸ¼ ; :older_woman_tone2: 
 ğŸ‘µğŸ½ ; :older_woman_tone3: 
 ğŸ‘µğŸ¾ ; :older_woman_tone4: 
 ğŸ‘µğŸ¿ ; :older_woman_tone5: 
 ğŸ‘ğŸ» ; :open_hands_tone1: 
 ğŸ‘ğŸ¼ ; :open_hands_tone2: 
 ğŸ‘ğŸ½ ; :open_hands_tone3: 
 ğŸ‘ğŸ¾ ; :open_hands_tone4: 
 ğŸ‘ğŸ¿ ; :open_hands_tone5: 
 â˜‚ï¸ ; :open_umbrella: 
 ğŸ¤²ğŸ» ; :palms_up_together_tone1: 
 ğŸ¤²ğŸ¼ ; :palms_up_together_tone2: 
 ğŸ¤²ğŸ½ ; :palms_up_together_tone3: 
 ğŸ¤²ğŸ¾ ; :palms_up_together_tone4: 
 ğŸ¤²ğŸ¿ ; :palms_up_together_tone5: 
 ğŸ§—ğŸ» ; :person_climbing_tone1: 
 ğŸ§—ğŸ¼ ; :person_climbing_tone2: 
 ğŸ§—ğŸ½ ; :person_climbing_tone3: 
 ğŸ§—ğŸ¾ ; :person_climbing_tone4: 
 ğŸ§—ğŸ¿ ; :person_climbing_tone5: 
 ğŸ™ğŸ» ; :person_frowning_tone1: 
 ğŸ™ğŸ¼ ; :person_frowning_tone2: 
 ğŸ™ğŸ½ ; :person_frowning_tone3: 
 ğŸ™ğŸ¾ ; :person_frowning_tone4: 
 ğŸ™ğŸ¿ ; :person_frowning_tone5: 
 ğŸŒğŸ» ; :person_golfing_tone1: 
 ğŸŒğŸ¼ ; :person_golfing_tone2: 
 ğŸŒğŸ½ ; :person_golfing_tone3: 
 ğŸŒğŸ¾ ; :person_golfing_tone4: 
 ğŸŒğŸ¿ ; :person_golfing_tone5: 
 ğŸ›ŒğŸ» ; :person_in_bed_tone1: 
 ğŸ›ŒğŸ¼ ; :person_in_bed_tone2: 
 ğŸ›ŒğŸ½ ; :person_in_bed_tone3: 
 ğŸ›ŒğŸ¾ ; :person_in_bed_tone4: 
 ğŸ›ŒğŸ¿ ; :person_in_bed_tone5: 
 ğŸ§˜ğŸ» ; :person_in_lotus_position_tone1: 
 ğŸ§˜ğŸ¼ ; :person_in_lotus_position_tone2: 
 ğŸ§˜ğŸ½ ; :person_in_lotus_position_tone3: 
 ğŸ§˜ğŸ¾ ; :person_in_lotus_position_tone4: 
 ğŸ§˜ğŸ¿ ; :person_in_lotus_position_tone5: 
 ğŸ§–ğŸ» ; :person_in_steamy_room_tone1: 
 ğŸ§–ğŸ¼ ; :person_in_steamy_room_tone2: 
 ğŸ§–ğŸ½ ; :person_in_steamy_room_tone3: 
 ğŸ§–ğŸ¾ ; :person_in_steamy_room_tone4: 
 ğŸ§–ğŸ¿ ; :person_in_steamy_room_tone5: 
 ğŸ‘±ğŸ» ; :person_with_blond_hair_tone1: 
 ğŸ‘±ğŸ¼ ; :person_with_blond_hair_tone2: 
 ğŸ‘±ğŸ½ ; :person_with_blond_hair_tone3: 
 ğŸ‘±ğŸ¾ ; :person_with_blond_hair_tone4: 
 ğŸ‘±ğŸ¿ ; :person_with_blond_hair_tone5: 
 ğŸ™ğŸ» ; :person_with_pouting_face_tone1: 
 ğŸ™ğŸ¼ ; :person_with_pouting_face_tone2: 
 ğŸ™ğŸ½ ; :person_with_pouting_face_tone3: 
 ğŸ™ğŸ¾ ; :person_with_pouting_face_tone4: 
 ğŸ™ğŸ¿ ; :person_with_pouting_face_tone5: 
 â˜ï¸ ; :phone: 
 ğŸ‘‡ğŸ» ; :point_down_tone1: 
 ğŸ‘‡ğŸ¼ ; :point_down_tone2: 
 ğŸ‘‡ğŸ½ ; :point_down_tone3: 
 ğŸ‘‡ğŸ¾ ; :point_down_tone4: 
 ğŸ‘‡ğŸ¿ ; :point_down_tone5: 
 ğŸ‘ˆğŸ» ; :point_left_tone1: 
 ğŸ‘ˆğŸ¼ ; :point_left_tone2: 
 ğŸ‘ˆğŸ½ ; :point_left_tone3: 
 ğŸ‘ˆğŸ¾ ; :point_left_tone4: 
 ğŸ‘ˆğŸ¿ ; :point_left_tone5: 
 ğŸ‘‰ğŸ» ; :point_right_tone1: 
 ğŸ‘‰ğŸ¼ ; :point_right_tone2: 
 ğŸ‘‰ğŸ½ ; :point_right_tone3: 
 ğŸ‘‰ğŸ¾ ; :point_right_tone4: 
 ğŸ‘‰ğŸ¿ ; :point_right_tone5: 
 ğŸ‘†ğŸ» ; :point_up_2_tone1: 
 ğŸ‘†ğŸ¼ ; :point_up_2_tone2: 
 ğŸ‘†ğŸ½ ; :point_up_2_tone3: 
 ğŸ‘†ğŸ¾ ; :point_up_2_tone4: 
 ğŸ‘†ğŸ¿ ; :point_up_2_tone5: 
 â˜ğŸ» ; :point_up_tone1: 
 â˜ğŸ¼ ; :point_up_tone2: 
 â˜ğŸ½ ; :point_up_tone3: 
 â˜ğŸ¾ ; :point_up_tone4: 
 â˜ğŸ¿ ; :point_up_tone5: 
 ğŸ™ğŸ» ; :pray_tone1: 
 ğŸ™ğŸ¼ ; :pray_tone2: 
 ğŸ™ğŸ½ ; :pray_tone3: 
 ğŸ™ğŸ¾ ; :pray_tone4: 
 ğŸ™ğŸ¿ ; :pray_tone5: 
 ğŸ¤°ğŸ» ; :pregnant_woman_tone1: 
 ğŸ¤°ğŸ¼ ; :pregnant_woman_tone2: 
 ğŸ¤°ğŸ½ ; :pregnant_woman_tone3: 
 ğŸ¤°ğŸ¾ ; :pregnant_woman_tone4: 
 ğŸ¤°ğŸ¿ ; :pregnant_woman_tone5: 
 ğŸ¤´ğŸ» ; :prince_tone1: 
 ğŸ¤´ğŸ¼ ; :prince_tone2: 
 ğŸ¤´ğŸ½ ; :prince_tone3: 
 ğŸ¤´ğŸ¾ ; :prince_tone4: 
 ğŸ¤´ğŸ¿ ; :prince_tone5: 
 ğŸ‘¸ğŸ» ; :princess_tone1: 
 ğŸ‘¸ğŸ¼ ; :princess_tone2: 
 ğŸ‘¸ğŸ½ ; :princess_tone3: 
 ğŸ‘¸ğŸ¾ ; :princess_tone4: 
 ğŸ‘¸ğŸ¿ ; :princess_tone5: 
 ğŸ‘ŠğŸ» ; :punch_tone1: 
 ğŸ‘ŠğŸ¼ ; :punch_tone2: 
 ğŸ‘ŠğŸ½ ; :punch_tone3: 
 ğŸ‘ŠğŸ¾ ; :punch_tone4: 
 ğŸ‘ŠğŸ¿ ; :punch_tone5: 
 ğŸ¤šğŸ» ; :raised_back_of_hand_tone1: 
 ğŸ¤šğŸ¼ ; :raised_back_of_hand_tone2: 
 ğŸ¤šğŸ½ ; :raised_back_of_hand_tone3: 
 ğŸ¤šğŸ¾ ; :raised_back_of_hand_tone4: 
 ğŸ¤šğŸ¿ ; :raised_back_of_hand_tone5: 
 âœ‹ğŸ» ; :raised_hand_tone1: 
 âœ‹ğŸ¼ ; :raised_hand_tone2: 
 âœ‹ğŸ½ ; :raised_hand_tone3: 
 âœ‹ğŸ¾ ; :raised_hand_tone4: 
 âœ‹ğŸ¿ ; :raised_hand_tone5: 
 ğŸ™ŒğŸ» ; :raised_hands_tone1: 
 ğŸ™ŒğŸ¼ ; :raised_hands_tone2: 
 ğŸ™ŒğŸ½ ; :raised_hands_tone3: 
 ğŸ™ŒğŸ¾ ; :raised_hands_tone4: 
 ğŸ™ŒğŸ¿ ; :raised_hands_tone5: 
 ğŸ™‹ğŸ» ; :raising_hand_tone1: 
 ğŸ™‹ğŸ¼ ; :raising_hand_tone2: 
 ğŸ™‹ğŸ½ ; :raising_hand_tone3: 
 ğŸ™‹ğŸ¾ ; :raising_hand_tone4: 
 ğŸ™‹ğŸ¿ ; :raising_hand_tone5: 
 ğŸ¤œğŸ» ; :right_facing_fist_tone1: 
 ğŸ¤œğŸ¼ ; :right_facing_fist_tone2: 
 ğŸ¤œğŸ½ ; :right_facing_fist_tone3: 
 ğŸ¤œğŸ¾ ; :right_facing_fist_tone4: 
 ğŸ¤œğŸ¿ ; :right_facing_fist_tone5: 
 ğŸš£ğŸ» ; :rowboat_tone1: 
 ğŸš£ğŸ¼ ; :rowboat_tone2: 
 ğŸš£ğŸ½ ; :rowboat_tone3: 
 ğŸš£ğŸ¾ ; :rowboat_tone4: 
 ğŸš£ğŸ¿ ; :rowboat_tone5: 
 ğŸƒğŸ» ; :runner_tone1: 
 ğŸƒğŸ¼ ; :runner_tone2: 
 ğŸƒğŸ½ ; :runner_tone3: 
 ğŸƒğŸ¾ ; :runner_tone4: 
 ğŸƒğŸ¿ ; :runner_tone5: 
 ğŸ…ğŸ» ; :santa_tone1: 
 ğŸ…ğŸ¼ ; :santa_tone2: 
 ğŸ…ğŸ½ ; :santa_tone3: 
 ğŸ…ğŸ¾ ; :santa_tone4: 
 ğŸ…ğŸ¿ ; :santa_tone5: 
 ğŸ¤³ğŸ» ; :selfie_tone1: 
 ğŸ¤³ğŸ¼ ; :selfie_tone2: 
 ğŸ¤³ğŸ½ ; :selfie_tone3: 
 ğŸ¤³ğŸ¾ ; :selfie_tone4: 
 ğŸ¤³ğŸ¿ ; :selfie_tone5: 
 ğŸ¤·ğŸ» ; :shrug_tone1: 
 ğŸ¤·ğŸ¼ ; :shrug_tone2: 
 ğŸ¤·ğŸ½ ; :shrug_tone3: 
 ğŸ¤·ğŸ¾ ; :shrug_tone4: 
 ğŸ¤·ğŸ¿ ; :shrug_tone5: 
 ğŸ‚ğŸ» ; :snowboarder_tone1: 
 ğŸ‚ğŸ¼ ; :snowboarder_tone2: 
 ğŸ‚ğŸ½ ; :snowboarder_tone3: 
 ğŸ‚ğŸ¾ ; :snowboarder_tone4: 
 ğŸ‚ğŸ¿ ; :snowboarder_tone5: 
 â˜ƒï¸ ; :snowman_with_snow: 
 ğŸ•µğŸ» ; :spy_tone1: 
 ğŸ•µğŸ¼ ; :spy_tone2: 
 ğŸ•µğŸ½ ; :spy_tone3: 
 ğŸ•µğŸ¾ ; :spy_tone4: 
 ğŸ•µğŸ¿ ; :spy_tone5: 
 ğŸ¦¸ğŸ» ; :superhero_tone1: 
 ğŸ¦¸ğŸ¼ ; :superhero_tone2: 
 ğŸ¦¸ğŸ½ ; :superhero_tone3: 
 ğŸ¦¸ğŸ¾ ; :superhero_tone4: 
 ğŸ¦¸ğŸ¿ ; :superhero_tone5: 
 ğŸ¦¹ğŸ» ; :supervillain_tone1: 
 ğŸ¦¹ğŸ¼ ; :supervillain_tone2: 
 ğŸ¦¹ğŸ½ ; :supervillain_tone3: 
 ğŸ¦¹ğŸ¾ ; :supervillain_tone4: 
 ğŸ¦¹ğŸ¿ ; :supervillain_tone5: 
 ğŸ„ğŸ» ; :surfer_tone1: 
 ğŸ„ğŸ¼ ; :surfer_tone2: 
 ğŸ„ğŸ½ ; :surfer_tone3: 
 ğŸ„ğŸ¾ ; :surfer_tone4: 
 ğŸ„ğŸ¿ ; :surfer_tone5: 
 ğŸŠğŸ» ; :swimmer_tone1: 
 ğŸŠğŸ¼ ; :swimmer_tone2: 
 ğŸŠğŸ½ ; :swimmer_tone3: 
 ğŸŠğŸ¾ ; :swimmer_tone4: 
 ğŸŠğŸ¿ ; :swimmer_tone5: 
 ğŸ‘ğŸ» ; :thumbsdown_tone1: 
 ğŸ‘ğŸ¼ ; :thumbsdown_tone2: 
 ğŸ‘ğŸ½ ; :thumbsdown_tone3: 
 ğŸ‘ğŸ¾ ; :thumbsdown_tone4: 
 ğŸ‘ğŸ¿ ; :thumbsdown_tone5: 
 ğŸ‘ğŸ» ; :thumbsup_tone1: 
 ğŸ‘ğŸ¼ ; :thumbsup_tone2: 
 ğŸ‘ğŸ½ ; :thumbsup_tone3: 
 ğŸ‘ğŸ¾ ; :thumbsup_tone4: 
 ğŸ‘ğŸ¿ ; :thumbsup_tone5: 
 ğŸ‡ºğŸ‡³ ; :united_nations: 
 âœŒğŸ» ; :v_tone1: 
 âœŒğŸ¼ ; :v_tone2: 
 âœŒğŸ½ ; :v_tone3: 
 âœŒğŸ¾ ; :v_tone4: 
 âœŒğŸ¿ ; :v_tone5: 
 ğŸ§›ğŸ» ; :vampire_tone1: 
 ğŸ§›ğŸ¼ ; :vampire_tone2: 
 ğŸ§›ğŸ½ ; :vampire_tone3: 
 ğŸ§›ğŸ¾ ; :vampire_tone4: 
 ğŸ§›ğŸ¿ ; :vampire_tone5: 
 ğŸ––ğŸ» ; :vulcan_tone1: 
 ğŸ––ğŸ¼ ; :vulcan_tone2: 
 ğŸ––ğŸ½ ; :vulcan_tone3: 
 ğŸ––ğŸ¾ ; :vulcan_tone4: 
 ğŸ––ğŸ¿ ; :vulcan_tone5: 
 ğŸš¶ğŸ» ; :walking_tone1: 
 ğŸš¶ğŸ¼ ; :walking_tone2: 
 ğŸš¶ğŸ½ ; :walking_tone3: 
 ğŸš¶ğŸ¾ ; :walking_tone4: 
 ğŸš¶ğŸ¿ ; :walking_tone5: 
 ğŸ¤½ğŸ» ; :water_polo_tone1: 
 ğŸ¤½ğŸ¼ ; :water_polo_tone2: 
 ğŸ¤½ğŸ½ ; :water_polo_tone3: 
 ğŸ¤½ğŸ¾ ; :water_polo_tone4: 
 ğŸ¤½ğŸ¿ ; :water_polo_tone5: 
 ğŸ‘‹ğŸ» ; :wave_tone1: 
 ğŸ‘‹ğŸ¼ ; :wave_tone2: 
 ğŸ‘‹ğŸ½ ; :wave_tone3: 
 ğŸ‘‹ğŸ¾ ; :wave_tone4: 
 ğŸ‘‹ğŸ¿ ; :wave_tone5: 
 ğŸ‹ï¸ ; :weight_lifting_man: 
 ğŸ³ï¸ ; :white_flag: 
 ğŸ‘©ğŸ» ; :woman_tone1: 
 ğŸ‘©ğŸ¼ ; :woman_tone2: 
 ğŸ‘©ğŸ½ ; :woman_tone3: 
 ğŸ‘©ğŸ¾ ; :woman_tone4: 
 ğŸ‘©ğŸ¿ ; :woman_tone5: 
 ğŸ§•ğŸ» ; :woman_with_headscarf_tone1: 
 ğŸ§•ğŸ¼ ; :woman_with_headscarf_tone2: 
 ğŸ§•ğŸ½ ; :woman_with_headscarf_tone3: 
 ğŸ§•ğŸ¾ ; :woman_with_headscarf_tone4: 
 ğŸ§•ğŸ¿ ; :woman_with_headscarf_tone5: 
 âœğŸ» ; :writing_hand_tone1: 
 âœğŸ¼ ; :writing_hand_tone2: 
 âœğŸ½ ; :writing_hand_tone3: 
 âœğŸ¾ ; :writing_hand_tone4: 
 âœğŸ¿ ; :writing_hand_tone5: 
 ğŸ‘â€ğŸ—¨ ; :eye_in_speech_bubble: 
 ğŸ‘¨â€ğŸ‘¦ ; :family_man_boy: 
 ğŸ‘¨â€ğŸ‘§ ; :family_man_girl: 
 ğŸ‘©â€ğŸ‘¦ ; :family_woman_boy: 
 ğŸ‘©â€ğŸ‘§ ; :family_woman_girl: 
 ğŸ‘¨â€ğŸ¨ ; :man_artist: 
 ğŸ‘¨â€ğŸš€ ; :man_astronaut: 
 ğŸ‘¨â€ğŸ¦² ; :man_bald: 
 ğŸ‘¨â€ğŸ³ ; :man_cook: 
 ğŸ‘¨â€ğŸ¦± ; :man_curly_haired: 
 ğŸ‘¨â€ğŸ­ ; :man_factory_worker: 
 ğŸ‘¨â€ğŸŒ¾ ; :man_farmer: 
 ğŸ‘¨â€ğŸš’ ; :man_firefighter: 
 ğŸ‘¨â€ğŸ”§ ; :man_mechanic: 
 ğŸ‘¨â€ğŸ’¼ ; :man_office_worker: 
 ğŸ‘¨â€ğŸ¦° ; :man_red_haired: 
 ğŸ‘¨â€ğŸ”¬ ; :man_scientist: 
 ğŸ‘¨â€ğŸ¤ ; :man_singer: 
 ğŸ‘¨â€ğŸ“ ; :man_student: 
 ğŸ‘¨â€ğŸ« ; :man_teacher: 
 ğŸ‘¨â€ğŸ’» ; :man_technologist: 
 ğŸ‘¨â€ğŸ¦³ ; :man_white_haired: 
 ğŸ‘©â€ğŸ¨ ; :woman_artist: 
 ğŸ‘©â€ğŸš€ ; :woman_astronaut: 
 ğŸ‘©â€ğŸ¦² ; :woman_bald: 
 ğŸ‘©â€ğŸ³ ; :woman_cook: 
 ğŸ‘©â€ğŸ¦± ; :woman_curly_haired: 
 ğŸ‘©â€ğŸ­ ; :woman_factory_worker: 
 ğŸ‘©â€ğŸŒ¾ ; :woman_farmer: 
 ğŸ‘©â€ğŸš’ ; :woman_firefighter: 
 ğŸ‘©â€ğŸ”§ ; :woman_mechanic: 
 ğŸ‘©â€ğŸ’¼ ; :woman_office_worker: 
 ğŸ‘©â€ğŸ¦° ; :woman_red_haired: 
 ğŸ‘©â€ğŸ”¬ ; :woman_scientist: 
 ğŸ‘©â€ğŸ¤ ; :woman_singer: 
 ğŸ‘©â€ğŸ“ ; :woman_student: 
 ğŸ‘©â€ğŸ« ; :woman_teacher: 
 ğŸ‘©â€ğŸ’» ; :woman_technologist: 
 ğŸ‘©â€ğŸ¦³ ; :woman_white_haired: 
 ğŸš´â€â™€ï¸ ; :biking_woman: 
 ğŸ‘±â€â™‚ï¸ ; :blond-haired_man: 
 ğŸ‘±â€â™€ï¸ ; :blond-haired_woman: 
 ğŸ‘±â€â™€ï¸ ; :blonde_woman: 
 ğŸ™‡â€â™€ï¸ ; :bowing_woman: 
 ğŸ‘·â€â™€ï¸ ; :construction_worker_woman: 
 ğŸ‘¯â€â™‚ï¸ ; :dancing_men: 
 ğŸ™â€â™‚ï¸ ; :frowning_man: 
 ğŸ’‚â€â™€ï¸ ; :guardswoman: 
 ğŸ’‡â€â™‚ï¸ ; :haircut_man: 
 ğŸ‘¨ğŸ»â€ğŸ¨ ; :man_artist_tone1: 
 ğŸ‘¨ğŸ¼â€ğŸ¨ ; :man_artist_tone2: 
 ğŸ‘¨ğŸ½â€ğŸ¨ ; :man_artist_tone3: 
 ğŸ‘¨ğŸ¾â€ğŸ¨ ; :man_artist_tone4: 
 ğŸ‘¨ğŸ¿â€ğŸ¨ ; :man_artist_tone5: 
 ğŸ‘¨ğŸ»â€ğŸš€ ; :man_astronaut_tone1: 
 ğŸ‘¨ğŸ¼â€ğŸš€ ; :man_astronaut_tone2: 
 ğŸ‘¨ğŸ½â€ğŸš€ ; :man_astronaut_tone3: 
 ğŸ‘¨ğŸ¾â€ğŸš€ ; :man_astronaut_tone4: 
 ğŸ‘¨ğŸ¿â€ğŸš€ ; :man_astronaut_tone5: 
 ğŸ‘¨ğŸ»â€ğŸ¦² ; :man_bald_tone1: 
 ğŸ‘¨ğŸ¼â€ğŸ¦² ; :man_bald_tone2: 
 ğŸ‘¨ğŸ½â€ğŸ¦² ; :man_bald_tone3: 
 ğŸ‘¨ğŸ¾â€ğŸ¦² ; :man_bald_tone4: 
 ğŸ‘¨ğŸ¿â€ğŸ¦² ; :man_bald_tone5: 
 ğŸš´â€â™‚ï¸ ; :man_biking: 
 ğŸ™‡â€â™‚ï¸ ; :man_bowing: 
 ğŸ¤¸â€â™‚ï¸ ; :man_cartwheeling: 
 ğŸ§—â€â™‚ï¸ ; :man_climbing: 
 ğŸ‘·â€â™‚ï¸ ; :man_construction_worker: 
 ğŸ‘¨ğŸ»â€ğŸ³ ; :man_cook_tone1: 
 ğŸ‘¨ğŸ¼â€ğŸ³ ; :man_cook_tone2: 
 ğŸ‘¨ğŸ½â€ğŸ³ ; :man_cook_tone3: 
 ğŸ‘¨ğŸ¾â€ğŸ³ ; :man_cook_tone4: 
 ğŸ‘¨ğŸ¿â€ğŸ³ ; :man_cook_tone5: 
 ğŸ‘¨ğŸ»â€ğŸ¦± ; :man_curly_haired_tone1: 
 ğŸ‘¨ğŸ¼â€ğŸ¦± ; :man_curly_haired_tone2: 
 ğŸ‘¨ğŸ½â€ğŸ¦± ; :man_curly_haired_tone3: 
 ğŸ‘¨ğŸ¾â€ğŸ¦± ; :man_curly_haired_tone4: 
 ğŸ‘¨ğŸ¿â€ğŸ¦± ; :man_curly_haired_tone5: 
 ğŸ§â€â™‚ï¸ ; :man_elf: 
 ğŸ¤¦â€â™‚ï¸ ; :man_facepalming: 
 ğŸ‘¨ğŸ»â€ğŸ­ ; :man_factory_worker_tone1: 
 ğŸ‘¨ğŸ¼â€ğŸ­ ; :man_factory_worker_tone2: 
 ğŸ‘¨ğŸ½â€ğŸ­ ; :man_factory_worker_tone3: 
 ğŸ‘¨ğŸ¾â€ğŸ­ ; :man_factory_worker_tone4: 
 ğŸ‘¨ğŸ¿â€ğŸ­ ; :man_factory_worker_tone5: 
 ğŸ§šâ€â™‚ï¸ ; :man_fairy: 
 ğŸ‘¨ğŸ»â€ğŸŒ¾ ; :man_farmer_tone1: 
 ğŸ‘¨ğŸ¼â€ğŸŒ¾ ; :man_farmer_tone2: 
 ğŸ‘¨ğŸ½â€ğŸŒ¾ ; :man_farmer_tone3: 
 ğŸ‘¨ğŸ¾â€ğŸŒ¾ ; :man_farmer_tone4: 
 ğŸ‘¨ğŸ¿â€ğŸŒ¾ ; :man_farmer_tone5: 
 ğŸ‘¨ğŸ»â€ğŸš’ ; :man_firefighter_tone1: 
 ğŸ‘¨ğŸ¼â€ğŸš’ ; :man_firefighter_tone2: 
 ğŸ‘¨ğŸ½â€ğŸš’ ; :man_firefighter_tone3: 
 ğŸ‘¨ğŸ¾â€ğŸš’ ; :man_firefighter_tone4: 
 ğŸ‘¨ğŸ¿â€ğŸš’ ; :man_firefighter_tone5: 
 ğŸ™â€â™‚ï¸ ; :man_frowning: 
 ğŸ§â€â™‚ï¸ ; :man_genie: 
 ğŸ™…â€â™‚ï¸ ; :man_gesturing_no: 
 ğŸ™†â€â™‚ï¸ ; :man_gesturing_ok: 
 ğŸ’†â€â™‚ï¸ ; :man_getting_face_massage: 
 ğŸ’‡â€â™‚ï¸ ; :man_getting_haircut: 
 ğŸ’‚â€â™‚ï¸ ; :man_guard: 
 ğŸ‘¨â€âš•ï¸ ; :man_health_worker: 
 ğŸ§˜â€â™‚ï¸ ; :man_in_lotus_position: 
 ğŸ§–â€â™‚ï¸ ; :man_in_steamy_room: 
 ğŸ‘¨â€âš–ï¸ ; :man_judge: 
 ğŸ¤¹â€â™‚ï¸ ; :man_juggling: 
 ğŸ§™â€â™‚ï¸ ; :man_mage: 
 ğŸ‘¨ğŸ»â€ğŸ”§ ; :man_mechanic_tone1: 
 ğŸ‘¨ğŸ¼â€ğŸ”§ ; :man_mechanic_tone2: 
 ğŸ‘¨ğŸ½â€ğŸ”§ ; :man_mechanic_tone3: 
 ğŸ‘¨ğŸ¾â€ğŸ”§ ; :man_mechanic_tone4: 
 ğŸ‘¨ğŸ¿â€ğŸ”§ ; :man_mechanic_tone5: 
 ğŸšµâ€â™‚ï¸ ; :man_mountain_biking: 
 ğŸ‘¨ğŸ»â€ğŸ’¼ ; :man_office_worker_tone1: 
 ğŸ‘¨ğŸ¼â€ğŸ’¼ ; :man_office_worker_tone2: 
 ğŸ‘¨ğŸ½â€ğŸ’¼ ; :man_office_worker_tone3: 
 ğŸ‘¨ğŸ¾â€ğŸ’¼ ; :man_office_worker_tone4: 
 ğŸ‘¨ğŸ¿â€ğŸ’¼ ; :man_office_worker_tone5: 
 ğŸ‘¨â€âœˆï¸ ; :man_pilot: 
 ğŸ¤¾â€â™‚ï¸ ; :man_playing_handball: 
 ğŸ¤½â€â™‚ï¸ ; :man_playing_water_polo: 
 ğŸ‘®â€â™‚ï¸ ; :man_police_officer: 
 ğŸ™â€â™‚ï¸ ; :man_pouting: 
 ğŸ™‹â€â™‚ï¸ ; :man_raising_hand: 
 ğŸ‘¨ğŸ»â€ğŸ¦° ; :man_red_haired_tone1: 
 ğŸ‘¨ğŸ¼â€ğŸ¦° ; :man_red_haired_tone2: 
 ğŸ‘¨ğŸ½â€ğŸ¦° ; :man_red_haired_tone3: 
 ğŸ‘¨ğŸ¾â€ğŸ¦° ; :man_red_haired_tone4: 
 ğŸ‘¨ğŸ¿â€ğŸ¦° ; :man_red_haired_tone5: 
 ğŸš£â€â™‚ï¸ ; :man_rowing_boat: 
 ğŸƒâ€â™‚ï¸ ; :man_running: 
 ğŸ‘¨ğŸ»â€ğŸ”¬ ; :man_scientist_tone1: 
 ğŸ‘¨ğŸ¼â€ğŸ”¬ ; :man_scientist_tone2: 
 ğŸ‘¨ğŸ½â€ğŸ”¬ ; :man_scientist_tone3: 
 ğŸ‘¨ğŸ¾â€ğŸ”¬ ; :man_scientist_tone4: 
 ğŸ‘¨ğŸ¿â€ğŸ”¬ ; :man_scientist_tone5: 
 ğŸ¤·â€â™‚ï¸ ; :man_shrugging: 
 ğŸ‘¨ğŸ»â€ğŸ¤ ; :man_singer_tone1: 
 ğŸ‘¨ğŸ¼â€ğŸ¤ ; :man_singer_tone2: 
 ğŸ‘¨ğŸ½â€ğŸ¤ ; :man_singer_tone3: 
 ğŸ‘¨ğŸ¾â€ğŸ¤ ; :man_singer_tone4: 
 ğŸ‘¨ğŸ¿â€ğŸ¤ ; :man_singer_tone5: 
 ğŸ‘¨ğŸ»â€ğŸ“ ; :man_student_tone1: 
 ğŸ‘¨ğŸ¼â€ğŸ“ ; :man_student_tone2: 
 ğŸ‘¨ğŸ½â€ğŸ“ ; :man_student_tone3: 
 ğŸ‘¨ğŸ¾â€ğŸ“ ; :man_student_tone4: 
 ğŸ‘¨ğŸ¿â€ğŸ“ ; :man_student_tone5: 
 ğŸ¦¸â€â™‚ï¸ ; :man_superhero: 
 ğŸ¦¹â€â™‚ï¸ ; :man_supervillain: 
 ğŸ„â€â™‚ï¸ ; :man_surfing: 
 ğŸŠâ€â™‚ï¸ ; :man_swimming: 
 ğŸ‘¨ğŸ»â€ğŸ« ; :man_teacher_tone1: 
 ğŸ‘¨ğŸ¼â€ğŸ« ; :man_teacher_tone2: 
 ğŸ‘¨ğŸ½â€ğŸ« ; :man_teacher_tone3: 
 ğŸ‘¨ğŸ¾â€ğŸ« ; :man_teacher_tone4: 
 ğŸ‘¨ğŸ¿â€ğŸ« ; :man_teacher_tone5: 
 ğŸ‘¨ğŸ»â€ğŸ’» ; :man_technologist_tone1: 
 ğŸ‘¨ğŸ¼â€ğŸ’» ; :man_technologist_tone2: 
 ğŸ‘¨ğŸ½â€ğŸ’» ; :man_technologist_tone3: 
 ğŸ‘¨ğŸ¾â€ğŸ’» ; :man_technologist_tone4: 
 ğŸ‘¨ğŸ¿â€ğŸ’» ; :man_technologist_tone5: 
 ğŸ’â€â™‚ï¸ ; :man_tipping_hand: 
 ğŸ§›â€â™‚ï¸ ; :man_vampire: 
 ğŸš¶â€â™‚ï¸ ; :man_walking: 
 ğŸ‘³â€â™‚ï¸ ; :man_wearing_turban: 
 ğŸ‘¨ğŸ»â€ğŸ¦³ ; :man_white_haired_tone1: 
 ğŸ‘¨ğŸ¼â€ğŸ¦³ ; :man_white_haired_tone2: 
 ğŸ‘¨ğŸ½â€ğŸ¦³ ; :man_white_haired_tone3: 
 ğŸ‘¨ğŸ¾â€ğŸ¦³ ; :man_white_haired_tone4: 
 ğŸ‘¨ğŸ¿â€ğŸ¦³ ; :man_white_haired_tone5: 
 ğŸ§Ÿâ€â™‚ï¸ ; :man_zombie: 
 ğŸ’†â€â™‚ï¸ ; :massage_man: 
 ğŸ‘¯â€â™‚ï¸ ; :men_with_bunny_ears_partying: 
 ğŸ¤¼â€â™‚ï¸ ; :men_wrestling: 
 ğŸ§œâ€â™€ï¸ ; :mermaid: 
 ğŸ§œâ€â™‚ï¸ ; :merman: 
 ğŸšµâ€â™€ï¸ ; :mountain_biking_woman: 
 ğŸ™…â€â™‚ï¸ ; :no_good_man: 
 ğŸ™†â€â™‚ï¸ ; :ok_man: 
 ğŸ´â€â˜ ï¸ ; :pirate_flag: 
 ğŸ‘®â€â™€ï¸ ; :policewoman: 
 ğŸ™â€â™‚ï¸ ; :pouting_man: 
 ğŸ™‹â€â™‚ï¸ ; :raising_hand_man: 
 ğŸš£â€â™€ï¸ ; :rowing_woman: 
 ğŸƒâ€â™€ï¸ ; :running_woman: 
 ğŸ„â€â™€ï¸ ; :surfing_woman: 
 ğŸŠâ€â™€ï¸ ; :swimming_woman: 
 ğŸ’â€â™‚ï¸ ; :tipping_hand_man: 
 ğŸš¶â€â™€ï¸ ; :walking_woman: 
 ğŸ‘©ğŸ»â€ğŸ¨ ; :woman_artist_tone1: 
 ğŸ‘©ğŸ¼â€ğŸ¨ ; :woman_artist_tone2: 
 ğŸ‘©ğŸ½â€ğŸ¨ ; :woman_artist_tone3: 
 ğŸ‘©ğŸ¾â€ğŸ¨ ; :woman_artist_tone4: 
 ğŸ‘©ğŸ¿â€ğŸ¨ ; :woman_artist_tone5: 
 ğŸ‘©ğŸ»â€ğŸš€ ; :woman_astronaut_tone1: 
 ğŸ‘©ğŸ¼â€ğŸš€ ; :woman_astronaut_tone2: 
 ğŸ‘©ğŸ½â€ğŸš€ ; :woman_astronaut_tone3: 
 ğŸ‘©ğŸ¾â€ğŸš€ ; :woman_astronaut_tone4: 
 ğŸ‘©ğŸ¿â€ğŸš€ ; :woman_astronaut_tone5: 
 ğŸ‘©ğŸ»â€ğŸ¦² ; :woman_bald_tone1: 
 ğŸ‘©ğŸ¼â€ğŸ¦² ; :woman_bald_tone2: 
 ğŸ‘©ğŸ½â€ğŸ¦² ; :woman_bald_tone3: 
 ğŸ‘©ğŸ¾â€ğŸ¦² ; :woman_bald_tone4: 
 ğŸ‘©ğŸ¿â€ğŸ¦² ; :woman_bald_tone5: 
 ğŸš´â€â™€ï¸ ; :woman_biking: 
 ğŸ™‡â€â™€ï¸ ; :woman_bowing: 
 ğŸ¤¸â€â™€ï¸ ; :woman_cartwheeling: 
 ğŸ§—â€â™€ï¸ ; :woman_climbing: 
 ğŸ‘·â€â™€ï¸ ; :woman_construction_worker: 
 ğŸ‘©ğŸ»â€ğŸ³ ; :woman_cook_tone1: 
 ğŸ‘©ğŸ¼â€ğŸ³ ; :woman_cook_tone2: 
 ğŸ‘©ğŸ½â€ğŸ³ ; :woman_cook_tone3: 
 ğŸ‘©ğŸ¾â€ğŸ³ ; :woman_cook_tone4: 
 ğŸ‘©ğŸ¿â€ğŸ³ ; :woman_cook_tone5: 
 ğŸ‘©ğŸ»â€ğŸ¦± ; :woman_curly_haired_tone1: 
 ğŸ‘©ğŸ¼â€ğŸ¦± ; :woman_curly_haired_tone2: 
 ğŸ‘©ğŸ½â€ğŸ¦± ; :woman_curly_haired_tone3: 
 ğŸ‘©ğŸ¾â€ğŸ¦± ; :woman_curly_haired_tone4: 
 ğŸ‘©ğŸ¿â€ğŸ¦± ; :woman_curly_haired_tone5: 
 ğŸ§â€â™€ï¸ ; :woman_elf: 
 ğŸ¤¦â€â™€ï¸ ; :woman_facepalming: 
 ğŸ‘©ğŸ»â€ğŸ­ ; :woman_factory_worker_tone1: 
 ğŸ‘©ğŸ¼â€ğŸ­ ; :woman_factory_worker_tone2: 
 ğŸ‘©ğŸ½â€ğŸ­ ; :woman_factory_worker_tone3: 
 ğŸ‘©ğŸ¾â€ğŸ­ ; :woman_factory_worker_tone4: 
 ğŸ‘©ğŸ¿â€ğŸ­ ; :woman_factory_worker_tone5: 
 ğŸ§šâ€â™€ï¸ ; :woman_fairy: 
 ğŸ‘©ğŸ»â€ğŸŒ¾ ; :woman_farmer_tone1: 
 ğŸ‘©ğŸ¼â€ğŸŒ¾ ; :woman_farmer_tone2: 
 ğŸ‘©ğŸ½â€ğŸŒ¾ ; :woman_farmer_tone3: 
 ğŸ‘©ğŸ¾â€ğŸŒ¾ ; :woman_farmer_tone4: 
 ğŸ‘©ğŸ¿â€ğŸŒ¾ ; :woman_farmer_tone5: 
 ğŸ‘©ğŸ»â€ğŸš’ ; :woman_firefighter_tone1: 
 ğŸ‘©ğŸ¼â€ğŸš’ ; :woman_firefighter_tone2: 
 ğŸ‘©ğŸ½â€ğŸš’ ; :woman_firefighter_tone3: 
 ğŸ‘©ğŸ¾â€ğŸš’ ; :woman_firefighter_tone4: 
 ğŸ‘©ğŸ¿â€ğŸš’ ; :woman_firefighter_tone5: 
 ğŸ™â€â™€ï¸ ; :woman_frowning: 
 ğŸ§â€â™€ï¸ ; :woman_genie: 
 ğŸ™…â€â™€ï¸ ; :woman_gesturing_no: 
 ğŸ™†â€â™€ï¸ ; :woman_gesturing_ok: 
 ğŸ’†â€â™€ï¸ ; :woman_getting_face_massage: 
 ğŸ’‡â€â™€ï¸ ; :woman_getting_haircut: 
 ğŸ’‚â€â™€ï¸ ; :woman_guard: 
 ğŸ‘©â€âš•ï¸ ; :woman_health_worker: 
 ğŸ§˜â€â™€ï¸ ; :woman_in_lotus_position: 
 ğŸ§–â€â™€ï¸ ; :woman_in_steamy_room: 
 ğŸ‘©â€âš–ï¸ ; :woman_judge: 
 ğŸ¤¹â€â™€ï¸ ; :woman_juggling: 
 ğŸ§™â€â™€ï¸ ; :woman_mage: 
 ğŸ‘©ğŸ»â€ğŸ”§ ; :woman_mechanic_tone1: 
 ğŸ‘©ğŸ¼â€ğŸ”§ ; :woman_mechanic_tone2: 
 ğŸ‘©ğŸ½â€ğŸ”§ ; :woman_mechanic_tone3: 
 ğŸ‘©ğŸ¾â€ğŸ”§ ; :woman_mechanic_tone4: 
 ğŸ‘©ğŸ¿â€ğŸ”§ ; :woman_mechanic_tone5: 
 ğŸšµâ€â™€ï¸ ; :woman_mountain_biking: 
 ğŸ‘©ğŸ»â€ğŸ’¼ ; :woman_office_worker_tone1: 
 ğŸ‘©ğŸ¼â€ğŸ’¼ ; :woman_office_worker_tone2: 
 ğŸ‘©ğŸ½â€ğŸ’¼ ; :woman_office_worker_tone3: 
 ğŸ‘©ğŸ¾â€ğŸ’¼ ; :woman_office_worker_tone4: 
 ğŸ‘©ğŸ¿â€ğŸ’¼ ; :woman_office_worker_tone5: 
 ğŸ‘©â€âœˆï¸ ; :woman_pilot: 
 ğŸ¤¾â€â™€ï¸ ; :woman_playing_handball: 
 ğŸ¤½â€â™€ï¸ ; :woman_playing_water_polo: 
 ğŸ‘®â€â™€ï¸ ; :woman_police_officer: 
 ğŸ™â€â™€ï¸ ; :woman_pouting: 
 ğŸ™‹â€â™€ï¸ ; :woman_raising_hand: 
 ğŸ‘©ğŸ»â€ğŸ¦° ; :woman_red_haired_tone1: 
 ğŸ‘©ğŸ¼â€ğŸ¦° ; :woman_red_haired_tone2: 
 ğŸ‘©ğŸ½â€ğŸ¦° ; :woman_red_haired_tone3: 
 ğŸ‘©ğŸ¾â€ğŸ¦° ; :woman_red_haired_tone4: 
 ğŸ‘©ğŸ¿â€ğŸ¦° ; :woman_red_haired_tone5: 
 ğŸš£â€â™€ï¸ ; :woman_rowing_boat: 
 ğŸƒâ€â™€ï¸ ; :woman_running: 
 ğŸ‘©ğŸ»â€ğŸ”¬ ; :woman_scientist_tone1: 
 ğŸ‘©ğŸ¼â€ğŸ”¬ ; :woman_scientist_tone2: 
 ğŸ‘©ğŸ½â€ğŸ”¬ ; :woman_scientist_tone3: 
 ğŸ‘©ğŸ¾â€ğŸ”¬ ; :woman_scientist_tone4: 
 ğŸ‘©ğŸ¿â€ğŸ”¬ ; :woman_scientist_tone5: 
 ğŸ¤·â€â™€ï¸ ; :woman_shrugging: 
 ğŸ‘©ğŸ»â€ğŸ¤ ; :woman_singer_tone1: 
 ğŸ‘©ğŸ¼â€ğŸ¤ ; :woman_singer_tone2: 
 ğŸ‘©ğŸ½â€ğŸ¤ ; :woman_singer_tone3: 
 ğŸ‘©ğŸ¾â€ğŸ¤ ; :woman_singer_tone4: 
 ğŸ‘©ğŸ¿â€ğŸ¤ ; :woman_singer_tone5: 
 ğŸ‘©ğŸ»â€ğŸ“ ; :woman_student_tone1: 
 ğŸ‘©ğŸ¼â€ğŸ“ ; :woman_student_tone2: 
 ğŸ‘©ğŸ½â€ğŸ“ ; :woman_student_tone3: 
 ğŸ‘©ğŸ¾â€ğŸ“ ; :woman_student_tone4: 
 ğŸ‘©ğŸ¿â€ğŸ“ ; :woman_student_tone5: 
 ğŸ¦¸â€â™€ï¸ ; :woman_superhero: 
 ğŸ¦¹â€â™€ï¸ ; :woman_supervillain: 
 ğŸ„â€â™€ï¸ ; :woman_surfing: 
 ğŸŠâ€â™€ï¸ ; :woman_swimming: 
 ğŸ‘©ğŸ»â€ğŸ« ; :woman_teacher_tone1: 
 ğŸ‘©ğŸ¼â€ğŸ« ; :woman_teacher_tone2: 
 ğŸ‘©ğŸ½â€ğŸ« ; :woman_teacher_tone3: 
 ğŸ‘©ğŸ¾â€ğŸ« ; :woman_teacher_tone4: 
 ğŸ‘©ğŸ¿â€ğŸ« ; :woman_teacher_tone5: 
 ğŸ‘©ğŸ»â€ğŸ’» ; :woman_technologist_tone1: 
 ğŸ‘©ğŸ¼â€ğŸ’» ; :woman_technologist_tone2: 
 ğŸ‘©ğŸ½â€ğŸ’» ; :woman_technologist_tone3: 
 ğŸ‘©ğŸ¾â€ğŸ’» ; :woman_technologist_tone4: 
 ğŸ‘©ğŸ¿â€ğŸ’» ; :woman_technologist_tone5: 
 ğŸ’â€â™€ï¸ ; :woman_tipping_hand: 
 ğŸ§›â€â™€ï¸ ; :woman_vampire: 
 ğŸš¶â€â™€ï¸ ; :woman_walking: 
 ğŸ‘³â€â™€ï¸ ; :woman_wearing_turban: 
 ğŸ‘©ğŸ»â€ğŸ¦³ ; :woman_white_haired_tone1: 
 ğŸ‘©ğŸ¼â€ğŸ¦³ ; :woman_white_haired_tone2: 
 ğŸ‘©ğŸ½â€ğŸ¦³ ; :woman_white_haired_tone3: 
 ğŸ‘©ğŸ¾â€ğŸ¦³ ; :woman_white_haired_tone4: 
 ğŸ‘©ğŸ¿â€ğŸ¦³ ; :woman_white_haired_tone5: 
 ğŸ‘³â€â™€ï¸ ; :woman_with_turban: 
 ğŸ§Ÿâ€â™€ï¸ ; :woman_zombie: 
 ğŸ‘¯â€â™€ï¸ ; :women_with_bunny_ears_partying: 
 ğŸ¤¼â€â™€ï¸ ; :women_wrestling: 
 â›¹ï¸â€â™€ï¸ ; :basketball_woman: 
 ğŸ‘±ğŸ»â€â™‚ï¸ ; :blond-haired_man_tone1: 
 ğŸ‘±ğŸ¼â€â™‚ï¸ ; :blond-haired_man_tone2: 
 ğŸ‘±ğŸ½â€â™‚ï¸ ; :blond-haired_man_tone3: 
 ğŸ‘±ğŸ¾â€â™‚ï¸ ; :blond-haired_man_tone4: 
 ğŸ‘±ğŸ¿â€â™‚ï¸ ; :blond-haired_man_tone5: 
 ğŸ‘±ğŸ»â€â™€ï¸ ; :blond-haired_woman_tone1: 
 ğŸ‘±ğŸ¼â€â™€ï¸ ; :blond-haired_woman_tone2: 
 ğŸ‘±ğŸ½â€â™€ï¸ ; :blond-haired_woman_tone3: 
 ğŸ‘±ğŸ¾â€â™€ï¸ ; :blond-haired_woman_tone4: 
 ğŸ‘±ğŸ¿â€â™€ï¸ ; :blond-haired_woman_tone5: 
 ğŸ‘¨â€ğŸ‘¦â€ğŸ‘¦ ; :family_man_boy_boy: 
 ğŸ‘¨â€ğŸ‘§â€ğŸ‘¦ ; :family_man_girl_boy: 
 ğŸ‘¨â€ğŸ‘§â€ğŸ‘§ ; :family_man_girl_girl: 
 ğŸ‘¨â€ğŸ‘©â€ğŸ‘¦ ; :family_man_woman_boy: 
 ğŸ‘¨â€ğŸ‘¨â€ğŸ‘¦ ; :family_mmb: 
 ğŸ‘¨â€ğŸ‘¨â€ğŸ‘§ ; :family_mmg: 
 ğŸ‘¨â€ğŸ‘©â€ğŸ‘§ ; :family_mwg: 
 ğŸ‘©â€ğŸ‘¦â€ğŸ‘¦ ; :family_woman_boy_boy: 
 ğŸ‘©â€ğŸ‘§â€ğŸ‘¦ ; :family_woman_girl_boy: 
 ğŸ‘©â€ğŸ‘§â€ğŸ‘§ ; :family_woman_girl_girl: 
 ğŸ‘©â€ğŸ‘©â€ğŸ‘¦ ; :family_wwb: 
 ğŸ‘©â€ğŸ‘©â€ğŸ‘§ ; :family_wwg: 
 ğŸ•µï¸â€â™€ï¸ ; :female_detective: 
 ğŸŒï¸â€â™€ï¸ ; :golfing_woman: 
 ğŸš´ğŸ»â€â™‚ï¸ ; :man_biking_tone1: 
 ğŸš´ğŸ¼â€â™‚ï¸ ; :man_biking_tone2: 
 ğŸš´ğŸ½â€â™‚ï¸ ; :man_biking_tone3: 
 ğŸš´ğŸ¾â€â™‚ï¸ ; :man_biking_tone4: 
 ğŸš´ğŸ¿â€â™‚ï¸ ; :man_biking_tone5: 
 â›¹ï¸â€â™‚ï¸ ; :man_bouncing_ball: 
 â›¹ğŸ»â€â™‚ï¸ ; :man_bouncing_ball_tone1: 
 â›¹ğŸ¼â€â™‚ï¸ ; :man_bouncing_ball_tone2: 
 â›¹ğŸ½â€â™‚ï¸ ; :man_bouncing_ball_tone3: 
 â›¹ğŸ¾â€â™‚ï¸ ; :man_bouncing_ball_tone4: 
 â›¹ğŸ¿â€â™‚ï¸ ; :man_bouncing_ball_tone5: 
 ğŸ™‡ğŸ»â€â™‚ï¸ ; :man_bowing_tone1: 
 ğŸ™‡ğŸ¼â€â™‚ï¸ ; :man_bowing_tone2: 
 ğŸ™‡ğŸ½â€â™‚ï¸ ; :man_bowing_tone3: 
 ğŸ™‡ğŸ¾â€â™‚ï¸ ; :man_bowing_tone4: 
 ğŸ™‡ğŸ¿â€â™‚ï¸ ; :man_bowing_tone5: 
 ğŸ¤¸ğŸ»â€â™‚ï¸ ; :man_cartwheeling_tone1: 
 ğŸ¤¸ğŸ¼â€â™‚ï¸ ; :man_cartwheeling_tone2: 
 ğŸ¤¸ğŸ½â€â™‚ï¸ ; :man_cartwheeling_tone3: 
 ğŸ¤¸ğŸ¾â€â™‚ï¸ ; :man_cartwheeling_tone4: 
 ğŸ¤¸ğŸ¿â€â™‚ï¸ ; :man_cartwheeling_tone5: 
 ğŸ§—ğŸ»â€â™‚ï¸ ; :man_climbing_tone1: 
 ğŸ§—ğŸ¼â€â™‚ï¸ ; :man_climbing_tone2: 
 ğŸ§—ğŸ½â€â™‚ï¸ ; :man_climbing_tone3: 
 ğŸ§—ğŸ¾â€â™‚ï¸ ; :man_climbing_tone4: 
 ğŸ§—ğŸ¿â€â™‚ï¸ ; :man_climbing_tone5: 
 ğŸ‘·ğŸ»â€â™‚ï¸ ; :man_construction_worker_tone1: 
 ğŸ‘·ğŸ¼â€â™‚ï¸ ; :man_construction_worker_tone2: 
 ğŸ‘·ğŸ½â€â™‚ï¸ ; :man_construction_worker_tone3: 
 ğŸ‘·ğŸ¾â€â™‚ï¸ ; :man_construction_worker_tone4: 
 ğŸ‘·ğŸ¿â€â™‚ï¸ ; :man_construction_worker_tone5: 
 ğŸ•µï¸â€â™‚ï¸ ; :man_detective: 
 ğŸ•µğŸ»â€â™‚ï¸ ; :man_detective_tone1: 
 ğŸ•µğŸ¼â€â™‚ï¸ ; :man_detective_tone2: 
 ğŸ•µğŸ½â€â™‚ï¸ ; :man_detective_tone3: 
 ğŸ•µğŸ¾â€â™‚ï¸ ; :man_detective_tone4: 
 ğŸ•µğŸ¿â€â™‚ï¸ ; :man_detective_tone5: 
 ğŸ§ğŸ»â€â™‚ï¸ ; :man_elf_tone1: 
 ğŸ§ğŸ¼â€â™‚ï¸ ; :man_elf_tone2: 
 ğŸ§ğŸ½â€â™‚ï¸ ; :man_elf_tone3: 
 ğŸ§ğŸ¾â€â™‚ï¸ ; :man_elf_tone4: 
 ğŸ§ğŸ¿â€â™‚ï¸ ; :man_elf_tone5: 
 ğŸ¤¦ğŸ»â€â™‚ï¸ ; :man_facepalming_tone1: 
 ğŸ¤¦ğŸ¼â€â™‚ï¸ ; :man_facepalming_tone2: 
 ğŸ¤¦ğŸ½â€â™‚ï¸ ; :man_facepalming_tone3: 
 ğŸ¤¦ğŸ¾â€â™‚ï¸ ; :man_facepalming_tone4: 
 ğŸ¤¦ğŸ¿â€â™‚ï¸ ; :man_facepalming_tone5: 
 ğŸ§šğŸ»â€â™‚ï¸ ; :man_fairy_tone1: 
 ğŸ§šğŸ¼â€â™‚ï¸ ; :man_fairy_tone2: 
 ğŸ§šğŸ½â€â™‚ï¸ ; :man_fairy_tone3: 
 ğŸ§šğŸ¾â€â™‚ï¸ ; :man_fairy_tone4: 
 ğŸ§šğŸ¿â€â™‚ï¸ ; :man_fairy_tone5: 
 ğŸ™ğŸ»â€â™‚ï¸ ; :man_frowning_tone1: 
 ğŸ™ğŸ¼â€â™‚ï¸ ; :man_frowning_tone2: 
 ğŸ™ğŸ½â€â™‚ï¸ ; :man_frowning_tone3: 
 ğŸ™ğŸ¾â€â™‚ï¸ ; :man_frowning_tone4: 
 ğŸ™ğŸ¿â€â™‚ï¸ ; :man_frowning_tone5: 
 ğŸ™…ğŸ»â€â™‚ï¸ ; :man_gesturing_no_tone1: 
 ğŸ™…ğŸ¼â€â™‚ï¸ ; :man_gesturing_no_tone2: 
 ğŸ™…ğŸ½â€â™‚ï¸ ; :man_gesturing_no_tone3: 
 ğŸ™…ğŸ¾â€â™‚ï¸ ; :man_gesturing_no_tone4: 
 ğŸ™…ğŸ¿â€â™‚ï¸ ; :man_gesturing_no_tone5: 
 ğŸ™†ğŸ»â€â™‚ï¸ ; :man_gesturing_ok_tone1: 
 ğŸ™†ğŸ¼â€â™‚ï¸ ; :man_gesturing_ok_tone2: 
 ğŸ™†ğŸ½â€â™‚ï¸ ; :man_gesturing_ok_tone3: 
 ğŸ™†ğŸ¾â€â™‚ï¸ ; :man_gesturing_ok_tone4: 
 ğŸ™†ğŸ¿â€â™‚ï¸ ; :man_gesturing_ok_tone5: 
 ğŸ’†ğŸ»â€â™‚ï¸ ; :man_getting_face_massage_tone1: 
 ğŸ’†ğŸ¼â€â™‚ï¸ ; :man_getting_face_massage_tone2: 
 ğŸ’†ğŸ½â€â™‚ï¸ ; :man_getting_face_massage_tone3: 
 ğŸ’†ğŸ¾â€â™‚ï¸ ; :man_getting_face_massage_tone4: 
 ğŸ’†ğŸ¿â€â™‚ï¸ ; :man_getting_face_massage_tone5: 
 ğŸ’‡ğŸ»â€â™‚ï¸ ; :man_getting_haircut_tone1: 
 ğŸ’‡ğŸ¼â€â™‚ï¸ ; :man_getting_haircut_tone2: 
 ğŸ’‡ğŸ½â€â™‚ï¸ ; :man_getting_haircut_tone3: 
 ğŸ’‡ğŸ¾â€â™‚ï¸ ; :man_getting_haircut_tone4: 
 ğŸ’‡ğŸ¿â€â™‚ï¸ ; :man_getting_haircut_tone5: 
 ğŸŒï¸â€â™‚ï¸ ; :man_golfing: 
 ğŸŒğŸ»â€â™‚ï¸ ; :man_golfing_tone1: 
 ğŸŒğŸ¼â€â™‚ï¸ ; :man_golfing_tone2: 
 ğŸŒğŸ½â€â™‚ï¸ ; :man_golfing_tone3: 
 ğŸŒğŸ¾â€â™‚ï¸ ; :man_golfing_tone4: 
 ğŸŒğŸ¿â€â™‚ï¸ ; :man_golfing_tone5: 
 ğŸ’‚ğŸ»â€â™‚ï¸ ; :man_guard_tone1: 
 ğŸ’‚ğŸ¼â€â™‚ï¸ ; :man_guard_tone2: 
 ğŸ’‚ğŸ½â€â™‚ï¸ ; :man_guard_tone3: 
 ğŸ’‚ğŸ¾â€â™‚ï¸ ; :man_guard_tone4: 
 ğŸ’‚ğŸ¿â€â™‚ï¸ ; :man_guard_tone5: 
 ğŸ‘¨ğŸ»â€âš•ï¸ ; :man_health_worker_tone1: 
 ğŸ‘¨ğŸ¼â€âš•ï¸ ; :man_health_worker_tone2: 
 ğŸ‘¨ğŸ½â€âš•ï¸ ; :man_health_worker_tone3: 
 ğŸ‘¨ğŸ¾â€âš•ï¸ ; :man_health_worker_tone4: 
 ğŸ‘¨ğŸ¿â€âš•ï¸ ; :man_health_worker_tone5: 
 ğŸ§˜ğŸ»â€â™‚ï¸ ; :man_in_lotus_position_tone1: 
 ğŸ§˜ğŸ¼â€â™‚ï¸ ; :man_in_lotus_position_tone2: 
 ğŸ§˜ğŸ½â€â™‚ï¸ ; :man_in_lotus_position_tone3: 
 ğŸ§˜ğŸ¾â€â™‚ï¸ ; :man_in_lotus_position_tone4: 
 ğŸ§˜ğŸ¿â€â™‚ï¸ ; :man_in_lotus_position_tone5: 
 ğŸ§–ğŸ»â€â™‚ï¸ ; :man_in_steamy_room_tone1: 
 ğŸ§–ğŸ¼â€â™‚ï¸ ; :man_in_steamy_room_tone2: 
 ğŸ§–ğŸ½â€â™‚ï¸ ; :man_in_steamy_room_tone3: 
 ğŸ§–ğŸ¾â€â™‚ï¸ ; :man_in_steamy_room_tone4: 
 ğŸ§–ğŸ¿â€â™‚ï¸ ; :man_in_steamy_room_tone5: 
 ğŸ‘¨ğŸ»â€âš–ï¸ ; :man_judge_tone1: 
 ğŸ‘¨ğŸ¼â€âš–ï¸ ; :man_judge_tone2: 
 ğŸ‘¨ğŸ½â€âš–ï¸ ; :man_judge_tone3: 
 ğŸ‘¨ğŸ¾â€âš–ï¸ ; :man_judge_tone4: 
 ğŸ‘¨ğŸ¿â€âš–ï¸ ; :man_judge_tone5: 
 ğŸ¤¹ğŸ»â€â™‚ï¸ ; :man_juggling_tone1: 
 ğŸ¤¹ğŸ¼â€â™‚ï¸ ; :man_juggling_tone2: 
 ğŸ¤¹ğŸ½â€â™‚ï¸ ; :man_juggling_tone3: 
 ğŸ¤¹ğŸ¾â€â™‚ï¸ ; :man_juggling_tone4: 
 ğŸ¤¹ğŸ¿â€â™‚ï¸ ; :man_juggling_tone5: 
 ğŸ‹ï¸â€â™‚ï¸ ; :man_lifting_weights: 
 ğŸ‹ğŸ»â€â™‚ï¸ ; :man_lifting_weights_tone1: 
 ğŸ‹ğŸ¼â€â™‚ï¸ ; :man_lifting_weights_tone2: 
 ğŸ‹ğŸ½â€â™‚ï¸ ; :man_lifting_weights_tone3: 
 ğŸ‹ğŸ¾â€â™‚ï¸ ; :man_lifting_weights_tone4: 
 ğŸ‹ğŸ¿â€â™‚ï¸ ; :man_lifting_weights_tone5: 
 ğŸ§™ğŸ»â€â™‚ï¸ ; :man_mage_tone1: 
 ğŸ§™ğŸ¼â€â™‚ï¸ ; :man_mage_tone2: 
 ğŸ§™ğŸ½â€â™‚ï¸ ; :man_mage_tone3: 
 ğŸ§™ğŸ¾â€â™‚ï¸ ; :man_mage_tone4: 
 ğŸ§™ğŸ¿â€â™‚ï¸ ; :man_mage_tone5: 
 ğŸšµğŸ»â€â™‚ï¸ ; :man_mountain_biking_tone1: 
 ğŸšµğŸ¼â€â™‚ï¸ ; :man_mountain_biking_tone2: 
 ğŸšµğŸ½â€â™‚ï¸ ; :man_mountain_biking_tone3: 
 ğŸšµğŸ¾â€â™‚ï¸ ; :man_mountain_biking_tone4: 
 ğŸšµğŸ¿â€â™‚ï¸ ; :man_mountain_biking_tone5: 
 ğŸ‘¨ğŸ»â€âœˆï¸ ; :man_pilot_tone1: 
 ğŸ‘¨ğŸ¼â€âœˆï¸ ; :man_pilot_tone2: 
 ğŸ‘¨ğŸ½â€âœˆï¸ ; :man_pilot_tone3: 
 ğŸ‘¨ğŸ¾â€âœˆï¸ ; :man_pilot_tone4: 
 ğŸ‘¨ğŸ¿â€âœˆï¸ ; :man_pilot_tone5: 
 ğŸ¤¾ğŸ»â€â™‚ï¸ ; :man_playing_handball_tone1: 
 ğŸ¤¾ğŸ¼â€â™‚ï¸ ; :man_playing_handball_tone2: 
 ğŸ¤¾ğŸ½â€â™‚ï¸ ; :man_playing_handball_tone3: 
 ğŸ¤¾ğŸ¾â€â™‚ï¸ ; :man_playing_handball_tone4: 
 ğŸ¤¾ğŸ¿â€â™‚ï¸ ; :man_playing_handball_tone5: 
 ğŸ¤½ğŸ»â€â™‚ï¸ ; :man_playing_water_polo_tone1: 
 ğŸ¤½ğŸ¼â€â™‚ï¸ ; :man_playing_water_polo_tone2: 
 ğŸ¤½ğŸ½â€â™‚ï¸ ; :man_playing_water_polo_tone3: 
 ğŸ¤½ğŸ¾â€â™‚ï¸ ; :man_playing_water_polo_tone4: 
 ğŸ¤½ğŸ¿â€â™‚ï¸ ; :man_playing_water_polo_tone5: 
 ğŸ‘®ğŸ»â€â™‚ï¸ ; :man_police_officer_tone1: 
 ğŸ‘®ğŸ¼â€â™‚ï¸ ; :man_police_officer_tone2: 
 ğŸ‘®ğŸ½â€â™‚ï¸ ; :man_police_officer_tone3: 
 ğŸ‘®ğŸ¾â€â™‚ï¸ ; :man_police_officer_tone4: 
 ğŸ‘®ğŸ¿â€â™‚ï¸ ; :man_police_officer_tone5: 
 ğŸ™ğŸ»â€â™‚ï¸ ; :man_pouting_tone1: 
 ğŸ™ğŸ¼â€â™‚ï¸ ; :man_pouting_tone2: 
 ğŸ™ğŸ½â€â™‚ï¸ ; :man_pouting_tone3: 
 ğŸ™ğŸ¾â€â™‚ï¸ ; :man_pouting_tone4: 
 ğŸ™ğŸ¿â€â™‚ï¸ ; :man_pouting_tone5: 
 ğŸ™‹ğŸ»â€â™‚ï¸ ; :man_raising_hand_tone1: 
 ğŸ™‹ğŸ¼â€â™‚ï¸ ; :man_raising_hand_tone2: 
 ğŸ™‹ğŸ½â€â™‚ï¸ ; :man_raising_hand_tone3: 
 ğŸ™‹ğŸ¾â€â™‚ï¸ ; :man_raising_hand_tone4: 
 ğŸ™‹ğŸ¿â€â™‚ï¸ ; :man_raising_hand_tone5: 
 ğŸš£ğŸ»â€â™‚ï¸ ; :man_rowing_boat_tone1: 
 ğŸš£ğŸ¼â€â™‚ï¸ ; :man_rowing_boat_tone2: 
 ğŸš£ğŸ½â€â™‚ï¸ ; :man_rowing_boat_tone3: 
 ğŸš£ğŸ¾â€â™‚ï¸ ; :man_rowing_boat_tone4: 
 ğŸš£ğŸ¿â€â™‚ï¸ ; :man_rowing_boat_tone5: 
 ğŸƒğŸ»â€â™‚ï¸ ; :man_running_tone1: 
 ğŸƒğŸ¼â€â™‚ï¸ ; :man_running_tone2: 
 ğŸƒğŸ½â€â™‚ï¸ ; :man_running_tone3: 
 ğŸƒğŸ¾â€â™‚ï¸ ; :man_running_tone4: 
 ğŸƒğŸ¿â€â™‚ï¸ ; :man_running_tone5: 
 ğŸ¤·ğŸ»â€â™‚ï¸ ; :man_shrugging_tone1: 
 ğŸ¤·ğŸ¼â€â™‚ï¸ ; :man_shrugging_tone2: 
 ğŸ¤·ğŸ½â€â™‚ï¸ ; :man_shrugging_tone3: 
 ğŸ¤·ğŸ¾â€â™‚ï¸ ; :man_shrugging_tone4: 
 ğŸ¤·ğŸ¿â€â™‚ï¸ ; :man_shrugging_tone5: 
 ğŸ¦¸ğŸ»â€â™‚ï¸ ; :man_superhero_tone1: 
 ğŸ¦¸ğŸ¼â€â™‚ï¸ ; :man_superhero_tone2: 
 ğŸ¦¸ğŸ½â€â™‚ï¸ ; :man_superhero_tone3: 
 ğŸ¦¸ğŸ¾â€â™‚ï¸ ; :man_superhero_tone4: 
 ğŸ¦¸ğŸ¿â€â™‚ï¸ ; :man_superhero_tone5: 
 ğŸ¦¹ğŸ»â€â™‚ï¸ ; :man_supervillain_tone1: 
 ğŸ¦¹ğŸ¼â€â™‚ï¸ ; :man_supervillain_tone2: 
 ğŸ¦¹ğŸ½â€â™‚ï¸ ; :man_supervillain_tone3: 
 ğŸ¦¹ğŸ¾â€â™‚ï¸ ; :man_supervillain_tone4: 
 ğŸ¦¹ğŸ¿â€â™‚ï¸ ; :man_supervillain_tone5: 
 ğŸ„ğŸ»â€â™‚ï¸ ; :man_surfing_tone1: 
 ğŸ„ğŸ¼â€â™‚ï¸ ; :man_surfing_tone2: 
 ğŸ„ğŸ½â€â™‚ï¸ ; :man_surfing_tone3: 
 ğŸ„ğŸ¾â€â™‚ï¸ ; :man_surfing_tone4: 
 ğŸ„ğŸ¿â€â™‚ï¸ ; :man_surfing_tone5: 
 ğŸŠğŸ»â€â™‚ï¸ ; :man_swimming_tone1: 
 ğŸŠğŸ¼â€â™‚ï¸ ; :man_swimming_tone2: 
 ğŸŠğŸ½â€â™‚ï¸ ; :man_swimming_tone3: 
 ğŸŠğŸ¾â€â™‚ï¸ ; :man_swimming_tone4: 
 ğŸŠğŸ¿â€â™‚ï¸ ; :man_swimming_tone5: 
 ğŸ’ğŸ»â€â™‚ï¸ ; :man_tipping_hand_tone1: 
 ğŸ’ğŸ¼â€â™‚ï¸ ; :man_tipping_hand_tone2: 
 ğŸ’ğŸ½â€â™‚ï¸ ; :man_tipping_hand_tone3: 
 ğŸ’ğŸ¾â€â™‚ï¸ ; :man_tipping_hand_tone4: 
 ğŸ’ğŸ¿â€â™‚ï¸ ; :man_tipping_hand_tone5: 
 ğŸ§›ğŸ»â€â™‚ï¸ ; :man_vampire_tone1: 
 ğŸ§›ğŸ¼â€â™‚ï¸ ; :man_vampire_tone2: 
 ğŸ§›ğŸ½â€â™‚ï¸ ; :man_vampire_tone3: 
 ğŸ§›ğŸ¾â€â™‚ï¸ ; :man_vampire_tone4: 
 ğŸ§›ğŸ¿â€â™‚ï¸ ; :man_vampire_tone5: 
 ğŸš¶ğŸ»â€â™‚ï¸ ; :man_walking_tone1: 
 ğŸš¶ğŸ¼â€â™‚ï¸ ; :man_walking_tone2: 
 ğŸš¶ğŸ½â€â™‚ï¸ ; :man_walking_tone3: 
 ğŸš¶ğŸ¾â€â™‚ï¸ ; :man_walking_tone4: 
 ğŸš¶ğŸ¿â€â™‚ï¸ ; :man_walking_tone5: 
 ğŸ‘³ğŸ»â€â™‚ï¸ ; :man_wearing_turban_tone1: 
 ğŸ‘³ğŸ¼â€â™‚ï¸ ; :man_wearing_turban_tone2: 
 ğŸ‘³ğŸ½â€â™‚ï¸ ; :man_wearing_turban_tone3: 
 ğŸ‘³ğŸ¾â€â™‚ï¸ ; :man_wearing_turban_tone4: 
 ğŸ‘³ğŸ¿â€â™‚ï¸ ; :man_wearing_turban_tone5: 
 ğŸ§œğŸ»â€â™€ï¸ ; :mermaid_tone1: 
 ğŸ§œğŸ¼â€â™€ï¸ ; :mermaid_tone2: 
 ğŸ§œğŸ½â€â™€ï¸ ; :mermaid_tone3: 
 ğŸ§œğŸ¾â€â™€ï¸ ; :mermaid_tone4: 
 ğŸ§œğŸ¿â€â™€ï¸ ; :mermaid_tone5: 
 ğŸ§œğŸ»â€â™‚ï¸ ; :merman_tone1: 
 ğŸ§œğŸ¼â€â™‚ï¸ ; :merman_tone2: 
 ğŸ§œğŸ½â€â™‚ï¸ ; :merman_tone3: 
 ğŸ§œğŸ¾â€â™‚ï¸ ; :merman_tone4: 
 ğŸ§œğŸ¿â€â™‚ï¸ ; :merman_tone5: 
 ğŸ‹ï¸â€â™€ï¸ ; :weight_lifting_woman: 
 ğŸš´ğŸ»â€â™€ï¸ ; :woman_biking_tone1: 
 ğŸš´ğŸ¼â€â™€ï¸ ; :woman_biking_tone2: 
 ğŸš´ğŸ½â€â™€ï¸ ; :woman_biking_tone3: 
 ğŸš´ğŸ¾â€â™€ï¸ ; :woman_biking_tone4: 
 ğŸš´ğŸ¿â€â™€ï¸ ; :woman_biking_tone5: 
 â›¹ï¸â€â™€ï¸ ; :woman_bouncing_ball: 
 â›¹ğŸ»â€â™€ï¸ ; :woman_bouncing_ball_tone1: 
 â›¹ğŸ¼â€â™€ï¸ ; :woman_bouncing_ball_tone2: 
 â›¹ğŸ½â€â™€ï¸ ; :woman_bouncing_ball_tone3: 
 â›¹ğŸ¾â€â™€ï¸ ; :woman_bouncing_ball_tone4: 
 â›¹ğŸ¿â€â™€ï¸ ; :woman_bouncing_ball_tone5: 
 ğŸ™‡ğŸ»â€â™€ï¸ ; :woman_bowing_tone1: 
 ğŸ™‡ğŸ¼â€â™€ï¸ ; :woman_bowing_tone2: 
 ğŸ™‡ğŸ½â€â™€ï¸ ; :woman_bowing_tone3: 
 ğŸ™‡ğŸ¾â€â™€ï¸ ; :woman_bowing_tone4: 
 ğŸ™‡ğŸ¿â€â™€ï¸ ; :woman_bowing_tone5: 
 ğŸ¤¸ğŸ»â€â™€ï¸ ; :woman_cartwheeling_tone1: 
 ğŸ¤¸ğŸ¼â€â™€ï¸ ; :woman_cartwheeling_tone2: 
 ğŸ¤¸ğŸ½â€â™€ï¸ ; :woman_cartwheeling_tone3: 
 ğŸ¤¸ğŸ¾â€â™€ï¸ ; :woman_cartwheeling_tone4: 
 ğŸ¤¸ğŸ¿â€â™€ï¸ ; :woman_cartwheeling_tone5: 
 ğŸ§—ğŸ»â€â™€ï¸ ; :woman_climbing_tone1: 
 ğŸ§—ğŸ¼â€â™€ï¸ ; :woman_climbing_tone2: 
 ğŸ§—ğŸ½â€â™€ï¸ ; :woman_climbing_tone3: 
 ğŸ§—ğŸ¾â€â™€ï¸ ; :woman_climbing_tone4: 
 ğŸ§—ğŸ¿â€â™€ï¸ ; :woman_climbing_tone5: 
 ğŸ‘·ğŸ»â€â™€ï¸ ; :woman_construction_worker_tone1: 
 ğŸ‘·ğŸ¼â€â™€ï¸ ; :woman_construction_worker_tone2: 
 ğŸ‘·ğŸ½â€â™€ï¸ ; :woman_construction_worker_tone3: 
 ğŸ‘·ğŸ¾â€â™€ï¸ ; :woman_construction_worker_tone4: 
 ğŸ‘·ğŸ¿â€â™€ï¸ ; :woman_construction_worker_tone5: 
 ğŸ•µï¸â€â™€ï¸ ; :woman_detective: 
 ğŸ•µğŸ»â€â™€ï¸ ; :woman_detective_tone1: 
 ğŸ•µğŸ¼â€â™€ï¸ ; :woman_detective_tone2: 
 ğŸ•µğŸ½â€â™€ï¸ ; :woman_detective_tone3: 
 ğŸ•µğŸ¾â€â™€ï¸ ; :woman_detective_tone4: 
 ğŸ•µğŸ¿â€â™€ï¸ ; :woman_detective_tone5: 
 ğŸ§ğŸ»â€â™€ï¸ ; :woman_elf_tone1: 
 ğŸ§ğŸ¼â€â™€ï¸ ; :woman_elf_tone2: 
 ğŸ§ğŸ½â€â™€ï¸ ; :woman_elf_tone3: 
 ğŸ§ğŸ¾â€â™€ï¸ ; :woman_elf_tone4: 
 ğŸ§ğŸ¿â€â™€ï¸ ; :woman_elf_tone5: 
 ğŸ¤¦ğŸ»â€â™€ï¸ ; :woman_facepalming_tone1: 
 ğŸ¤¦ğŸ¼â€â™€ï¸ ; :woman_facepalming_tone2: 
 ğŸ¤¦ğŸ½â€â™€ï¸ ; :woman_facepalming_tone3: 
 ğŸ¤¦ğŸ¾â€â™€ï¸ ; :woman_facepalming_tone4: 
 ğŸ¤¦ğŸ¿â€â™€ï¸ ; :woman_facepalming_tone5: 
 ğŸ§šğŸ»â€â™€ï¸ ; :woman_fairy_tone1: 
 ğŸ§šğŸ¼â€â™€ï¸ ; :woman_fairy_tone2: 
 ğŸ§šğŸ½â€â™€ï¸ ; :woman_fairy_tone3: 
 ğŸ§šğŸ¾â€â™€ï¸ ; :woman_fairy_tone4: 
 ğŸ§šğŸ¿â€â™€ï¸ ; :woman_fairy_tone5: 
 ğŸ™ğŸ»â€â™€ï¸ ; :woman_frowning_tone1: 
 ğŸ™ğŸ¼â€â™€ï¸ ; :woman_frowning_tone2: 
 ğŸ™ğŸ½â€â™€ï¸ ; :woman_frowning_tone3: 
 ğŸ™ğŸ¾â€â™€ï¸ ; :woman_frowning_tone4: 
 ğŸ™ğŸ¿â€â™€ï¸ ; :woman_frowning_tone5: 
 ğŸ™…ğŸ»â€â™€ï¸ ; :woman_gesturing_no_tone1: 
 ğŸ™…ğŸ¼â€â™€ï¸ ; :woman_gesturing_no_tone2: 
 ğŸ™…ğŸ½â€â™€ï¸ ; :woman_gesturing_no_tone3: 
 ğŸ™…ğŸ¾â€â™€ï¸ ; :woman_gesturing_no_tone4: 
 ğŸ™…ğŸ¿â€â™€ï¸ ; :woman_gesturing_no_tone5: 
 ğŸ™†ğŸ»â€â™€ï¸ ; :woman_gesturing_ok_tone1: 
 ğŸ™†ğŸ¼â€â™€ï¸ ; :woman_gesturing_ok_tone2: 
 ğŸ™†ğŸ½â€â™€ï¸ ; :woman_gesturing_ok_tone3: 
 ğŸ™†ğŸ¾â€â™€ï¸ ; :woman_gesturing_ok_tone4: 
 ğŸ™†ğŸ¿â€â™€ï¸ ; :woman_gesturing_ok_tone5: 
 ğŸ’†ğŸ»â€â™€ï¸ ; :woman_getting_face_massage_tone1: 
 ğŸ’†ğŸ¼â€â™€ï¸ ; :woman_getting_face_massage_tone2: 
 ğŸ’†ğŸ½â€â™€ï¸ ; :woman_getting_face_massage_tone3: 
 ğŸ’†ğŸ¾â€â™€ï¸ ; :woman_getting_face_massage_tone4: 
 ğŸ’†ğŸ¿â€â™€ï¸ ; :woman_getting_face_massage_tone5: 
 ğŸ’‡ğŸ»â€â™€ï¸ ; :woman_getting_haircut_tone1: 
 ğŸ’‡ğŸ¼â€â™€ï¸ ; :woman_getting_haircut_tone2: 
 ğŸ’‡ğŸ½â€â™€ï¸ ; :woman_getting_haircut_tone3: 
 ğŸ’‡ğŸ¾â€â™€ï¸ ; :woman_getting_haircut_tone4: 
 ğŸ’‡ğŸ¿â€â™€ï¸ ; :woman_getting_haircut_tone5: 
 ğŸŒï¸â€â™€ï¸ ; :woman_golfing: 
 ğŸŒğŸ»â€â™€ï¸ ; :woman_golfing_tone1: 
 ğŸŒğŸ¼â€â™€ï¸ ; :woman_golfing_tone2: 
 ğŸŒğŸ½â€â™€ï¸ ; :woman_golfing_tone3: 
 ğŸŒğŸ¾â€â™€ï¸ ; :woman_golfing_tone4: 
 ğŸŒğŸ¿â€â™€ï¸ ; :woman_golfing_tone5: 
 ğŸ’‚ğŸ»â€â™€ï¸ ; :woman_guard_tone1: 
 ğŸ’‚ğŸ¼â€â™€ï¸ ; :woman_guard_tone2: 
 ğŸ’‚ğŸ½â€â™€ï¸ ; :woman_guard_tone3: 
 ğŸ’‚ğŸ¾â€â™€ï¸ ; :woman_guard_tone4: 
 ğŸ’‚ğŸ¿â€â™€ï¸ ; :woman_guard_tone5: 
 ğŸ‘©ğŸ»â€âš•ï¸ ; :woman_health_worker_tone1: 
 ğŸ‘©ğŸ¼â€âš•ï¸ ; :woman_health_worker_tone2: 
 ğŸ‘©ğŸ½â€âš•ï¸ ; :woman_health_worker_tone3: 
 ğŸ‘©ğŸ¾â€âš•ï¸ ; :woman_health_worker_tone4: 
 ğŸ‘©ğŸ¿â€âš•ï¸ ; :woman_health_worker_tone5: 
 ğŸ§˜ğŸ»â€â™€ï¸ ; :woman_in_lotus_position_tone1: 
 ğŸ§˜ğŸ¼â€â™€ï¸ ; :woman_in_lotus_position_tone2: 
 ğŸ§˜ğŸ½â€â™€ï¸ ; :woman_in_lotus_position_tone3: 
 ğŸ§˜ğŸ¾â€â™€ï¸ ; :woman_in_lotus_position_tone4: 
 ğŸ§˜ğŸ¿â€â™€ï¸ ; :woman_in_lotus_position_tone5: 
 ğŸ§–ğŸ»â€â™€ï¸ ; :woman_in_steamy_room_tone1: 
 ğŸ§–ğŸ¼â€â™€ï¸ ; :woman_in_steamy_room_tone2: 
 ğŸ§–ğŸ½â€â™€ï¸ ; :woman_in_steamy_room_tone3: 
 ğŸ§–ğŸ¾â€â™€ï¸ ; :woman_in_steamy_room_tone4: 
 ğŸ§–ğŸ¿â€â™€ï¸ ; :woman_in_steamy_room_tone5: 
 ğŸ‘©ğŸ»â€âš–ï¸ ; :woman_judge_tone1: 
 ğŸ‘©ğŸ¼â€âš–ï¸ ; :woman_judge_tone2: 
 ğŸ‘©ğŸ½â€âš–ï¸ ; :woman_judge_tone3: 
 ğŸ‘©ğŸ¾â€âš–ï¸ ; :woman_judge_tone4: 
 ğŸ‘©ğŸ¿â€âš–ï¸ ; :woman_judge_tone5: 
 ğŸ¤¹ğŸ»â€â™€ï¸ ; :woman_juggling_tone1: 
 ğŸ¤¹ğŸ¼â€â™€ï¸ ; :woman_juggling_tone2: 
 ğŸ¤¹ğŸ½â€â™€ï¸ ; :woman_juggling_tone3: 
 ğŸ¤¹ğŸ¾â€â™€ï¸ ; :woman_juggling_tone4: 
 ğŸ¤¹ğŸ¿â€â™€ï¸ ; :woman_juggling_tone5: 
 ğŸ‹ï¸â€â™€ï¸ ; :woman_lifting_weights: 
 ğŸ‹ğŸ»â€â™€ï¸ ; :woman_lifting_weights_tone1: 
 ğŸ‹ğŸ¼â€â™€ï¸ ; :woman_lifting_weights_tone2: 
 ğŸ‹ğŸ½â€â™€ï¸ ; :woman_lifting_weights_tone3: 
 ğŸ‹ğŸ¾â€â™€ï¸ ; :woman_lifting_weights_tone4: 
 ğŸ‹ğŸ¿â€â™€ï¸ ; :woman_lifting_weights_tone5: 
 ğŸ§™ğŸ»â€â™€ï¸ ; :woman_mage_tone1: 
 ğŸ§™ğŸ¼â€â™€ï¸ ; :woman_mage_tone2: 
 ğŸ§™ğŸ½â€â™€ï¸ ; :woman_mage_tone3: 
 ğŸ§™ğŸ¾â€â™€ï¸ ; :woman_mage_tone4: 
 ğŸ§™ğŸ¿â€â™€ï¸ ; :woman_mage_tone5: 
 ğŸšµğŸ»â€â™€ï¸ ; :woman_mountain_biking_tone1: 
 ğŸšµğŸ¼â€â™€ï¸ ; :woman_mountain_biking_tone2: 
 ğŸšµğŸ½â€â™€ï¸ ; :woman_mountain_biking_tone3: 
 ğŸšµğŸ¾â€â™€ï¸ ; :woman_mountain_biking_tone4: 
 ğŸšµğŸ¿â€â™€ï¸ ; :woman_mountain_biking_tone5: 
 ğŸ‘©ğŸ»â€âœˆï¸ ; :woman_pilot_tone1: 
 ğŸ‘©ğŸ¼â€âœˆï¸ ; :woman_pilot_tone2: 
 ğŸ‘©ğŸ½â€âœˆï¸ ; :woman_pilot_tone3: 
 ğŸ‘©ğŸ¾â€âœˆï¸ ; :woman_pilot_tone4: 
 ğŸ‘©ğŸ¿â€âœˆï¸ ; :woman_pilot_tone5: 
 ğŸ¤¾ğŸ»â€â™€ï¸ ; :woman_playing_handball_tone1: 
 ğŸ¤¾ğŸ¼â€â™€ï¸ ; :woman_playing_handball_tone2: 
 ğŸ¤¾ğŸ½â€â™€ï¸ ; :woman_playing_handball_tone3: 
 ğŸ¤¾ğŸ¾â€â™€ï¸ ; :woman_playing_handball_tone4: 
 ğŸ¤¾ğŸ¿â€â™€ï¸ ; :woman_playing_handball_tone5: 
 ğŸ¤½ğŸ»â€â™€ï¸ ; :woman_playing_water_polo_tone1: 
 ğŸ¤½ğŸ¼â€â™€ï¸ ; :woman_playing_water_polo_tone2: 
 ğŸ¤½ğŸ½â€â™€ï¸ ; :woman_playing_water_polo_tone3: 
 ğŸ¤½ğŸ¾â€â™€ï¸ ; :woman_playing_water_polo_tone4: 
 ğŸ¤½ğŸ¿â€â™€ï¸ ; :woman_playing_water_polo_tone5: 
 ğŸ‘®ğŸ»â€â™€ï¸ ; :woman_police_officer_tone1: 
 ğŸ‘®ğŸ¼â€â™€ï¸ ; :woman_police_officer_tone2: 
 ğŸ‘®ğŸ½â€â™€ï¸ ; :woman_police_officer_tone3: 
 ğŸ‘®ğŸ¾â€â™€ï¸ ; :woman_police_officer_tone4: 
 ğŸ‘®ğŸ¿â€â™€ï¸ ; :woman_police_officer_tone5: 
 ğŸ™ğŸ»â€â™€ï¸ ; :woman_pouting_tone1: 
 ğŸ™ğŸ¼â€â™€ï¸ ; :woman_pouting_tone2: 
 ğŸ™ğŸ½â€â™€ï¸ ; :woman_pouting_tone3: 
 ğŸ™ğŸ¾â€â™€ï¸ ; :woman_pouting_tone4: 
 ğŸ™ğŸ¿â€â™€ï¸ ; :woman_pouting_tone5: 
 ğŸ™‹ğŸ»â€â™€ï¸ ; :woman_raising_hand_tone1: 
 ğŸ™‹ğŸ¼â€â™€ï¸ ; :woman_raising_hand_tone2: 
 ğŸ™‹ğŸ½â€â™€ï¸ ; :woman_raising_hand_tone3: 
 ğŸ™‹ğŸ¾â€â™€ï¸ ; :woman_raising_hand_tone4: 
 ğŸ™‹ğŸ¿â€â™€ï¸ ; :woman_raising_hand_tone5: 
 ğŸš£ğŸ»â€â™€ï¸ ; :woman_rowing_boat_tone1: 
 ğŸš£ğŸ¼â€â™€ï¸ ; :woman_rowing_boat_tone2: 
 ğŸš£ğŸ½â€â™€ï¸ ; :woman_rowing_boat_tone3: 
 ğŸš£ğŸ¾â€â™€ï¸ ; :woman_rowing_boat_tone4: 
 ğŸš£ğŸ¿â€â™€ï¸ ; :woman_rowing_boat_tone5: 
 ğŸƒğŸ»â€â™€ï¸ ; :woman_running_tone1: 
 ğŸƒğŸ¼â€â™€ï¸ ; :woman_running_tone2: 
 ğŸƒğŸ½â€â™€ï¸ ; :woman_running_tone3: 
 ğŸƒğŸ¾â€â™€ï¸ ; :woman_running_tone4: 
 ğŸƒğŸ¿â€â™€ï¸ ; :woman_running_tone5: 
 ğŸ¤·ğŸ»â€â™€ï¸ ; :woman_shrugging_tone1: 
 ğŸ¤·ğŸ¼â€â™€ï¸ ; :woman_shrugging_tone2: 
 ğŸ¤·ğŸ½â€â™€ï¸ ; :woman_shrugging_tone3: 
 ğŸ¤·ğŸ¾â€â™€ï¸ ; :woman_shrugging_tone4: 
 ğŸ¤·ğŸ¿â€â™€ï¸ ; :woman_shrugging_tone5: 
 ğŸ¦¸ğŸ»â€â™€ï¸ ; :woman_superhero_tone1: 
 ğŸ¦¸ğŸ¼â€â™€ï¸ ; :woman_superhero_tone2: 
 ğŸ¦¸ğŸ½â€â™€ï¸ ; :woman_superhero_tone3: 
 ğŸ¦¸ğŸ¾â€â™€ï¸ ; :woman_superhero_tone4: 
 ğŸ¦¸ğŸ¿â€â™€ï¸ ; :woman_superhero_tone5: 
 ğŸ¦¹ğŸ»â€â™€ï¸ ; :woman_supervillain_tone1: 
 ğŸ¦¹ğŸ¼â€â™€ï¸ ; :woman_supervillain_tone2: 
 ğŸ¦¹ğŸ½â€â™€ï¸ ; :woman_supervillain_tone3: 
 ğŸ¦¹ğŸ¾â€â™€ï¸ ; :woman_supervillain_tone4: 
 ğŸ¦¹ğŸ¿â€â™€ï¸ ; :woman_supervillain_tone5: 
 ğŸ„ğŸ»â€â™€ï¸ ; :woman_surfing_tone1: 
 ğŸ„ğŸ¼â€â™€ï¸ ; :woman_surfing_tone2: 
 ğŸ„ğŸ½â€â™€ï¸ ; :woman_surfing_tone3: 
 ğŸ„ğŸ¾â€â™€ï¸ ; :woman_surfing_tone4: 
 ğŸ„ğŸ¿â€â™€ï¸ ; :woman_surfing_tone5: 
 ğŸŠğŸ»â€â™€ï¸ ; :woman_swimming_tone1: 
 ğŸŠğŸ¼â€â™€ï¸ ; :woman_swimming_tone2: 
 ğŸŠğŸ½â€â™€ï¸ ; :woman_swimming_tone3: 
 ğŸŠğŸ¾â€â™€ï¸ ; :woman_swimming_tone4: 
 ğŸŠğŸ¿â€â™€ï¸ ; :woman_swimming_tone5: 
 ğŸ’ğŸ»â€â™€ï¸ ; :woman_tipping_hand_tone1: 
 ğŸ’ğŸ¼â€â™€ï¸ ; :woman_tipping_hand_tone2: 
 ğŸ’ğŸ½â€â™€ï¸ ; :woman_tipping_hand_tone3: 
 ğŸ’ğŸ¾â€â™€ï¸ ; :woman_tipping_hand_tone4: 
 ğŸ’ğŸ¿â€â™€ï¸ ; :woman_tipping_hand_tone5: 
 ğŸ§›ğŸ»â€â™€ï¸ ; :woman_vampire_tone1: 
 ğŸ§›ğŸ¼â€â™€ï¸ ; :woman_vampire_tone2: 
 ğŸ§›ğŸ½â€â™€ï¸ ; :woman_vampire_tone3: 
 ğŸ§›ğŸ¾â€â™€ï¸ ; :woman_vampire_tone4: 
 ğŸ§›ğŸ¿â€â™€ï¸ ; :woman_vampire_tone5: 
 ğŸš¶ğŸ»â€â™€ï¸ ; :woman_walking_tone1: 
 ğŸš¶ğŸ¼â€â™€ï¸ ; :woman_walking_tone2: 
 ğŸš¶ğŸ½â€â™€ï¸ ; :woman_walking_tone3: 
 ğŸš¶ğŸ¾â€â™€ï¸ ; :woman_walking_tone4: 
 ğŸš¶ğŸ¿â€â™€ï¸ ; :woman_walking_tone5: 
 ğŸ‘³ğŸ»â€â™€ï¸ ; :woman_wearing_turban_tone1: 
 ğŸ‘³ğŸ¼â€â™€ï¸ ; :woman_wearing_turban_tone2: 
 ğŸ‘³ğŸ½â€â™€ï¸ ; :woman_wearing_turban_tone3: 
 ğŸ‘³ğŸ¾â€â™€ï¸ ; :woman_wearing_turban_tone4: 
 ğŸ‘³ğŸ¿â€â™€ï¸ ; :woman_wearing_turban_tone5: 
 ğŸ‘¨â€â¤ï¸â€ğŸ‘¨ ; :couple_mm: 
 ğŸ‘©â€â¤ï¸â€ğŸ‘¨ ; :couple_with_heart_woman_man: 
 ğŸ‘©â€â¤ï¸â€ğŸ‘© ; :couple_ww: 
 ğŸ´ó §ó ¢ó ¥ó ®ó §ó ¿ ; :england: 
 ğŸ‘¨â€ğŸ‘¨â€ğŸ‘¦â€ğŸ‘¦ ; :family_mmbb: 
 ğŸ‘¨â€ğŸ‘¨â€ğŸ‘§â€ğŸ‘¦ ; :family_mmgb: 
 ğŸ‘¨â€ğŸ‘¨â€ğŸ‘§â€ğŸ‘§ ; :family_mmgg: 
 ğŸ‘¨â€ğŸ‘©â€ğŸ‘¦â€ğŸ‘¦ ; :family_mwbb: 
 ğŸ‘¨â€ğŸ‘©â€ğŸ‘§â€ğŸ‘¦ ; :family_mwgb: 
 ğŸ‘¨â€ğŸ‘©â€ğŸ‘§â€ğŸ‘§ ; :family_mwgg: 
 ğŸ‘©â€ğŸ‘©â€ğŸ‘¦â€ğŸ‘¦ ; :family_wwbb: 
 ğŸ‘©â€ğŸ‘©â€ğŸ‘§â€ğŸ‘¦ ; :family_wwgb: 
 ğŸ‘©â€ğŸ‘©â€ğŸ‘§â€ğŸ‘§ ; :family_wwgg: 
 ğŸ´ó §ó ¢ó ³ó £ó ´ó ¿ ; :scotland: 
 ğŸ´ó §ó ¢ó ·ó ¬ó ³ó ¿ ; :wales: 
 ğŸ‘¨â€â¤ï¸â€ğŸ’‹â€ğŸ‘¨ ; :kiss_mm: 
 ğŸ‘©â€â¤ï¸â€ğŸ’‹â€ğŸ‘¨ ; :kiss_woman_man: 
 ğŸ‘©â€â¤ï¸â€ğŸ’‹â€ğŸ‘© ; :kiss_ww: 
